,Gene,xgb_label
0,AAMDC,1
1,ABCB9,1
2,ABCC8,1
3,ABHD16A,1
4,ABHD17C,1
5,ABI2,1
6,ABI3BP,0
7,ABO,1
8,AC002117.1,2
9,AC004920.2,2
10,AC005592.2,1
11,AC005609.2,2
12,AC006369.2,2
13,AC007563.5,2
14,AC007796.1,1
15,AC007969.5,0
16,AC009480.4,2
17,AC010504.2,1
18,AC012462.1,2
19,AC016727.3,1
20,AC018720.10,1
21,AC018890.6,2
22,AC019100.3,1
23,AC021218.2,2
24,AC022431.1,1
25,AC022431.2,1
26,AC023347.2,2
27,AC053503.11,1
28,AC069368.3,1
29,AC073072.5,2
30,AC073072.6,1
31,AC073072.7,2
32,AC074008.1,1
33,AC074091.13,1
34,AC079767.3,1
35,AC083949.1,2
36,AC091948.1,1
37,AC093106.4,2
38,AC093106.7,1
39,AC093388.3,1
40,AC097495.2,1
41,AC098831.4,1
42,AC099535.4,1
43,AC156455.1,2
44,ACAP3,1
45,ACHE,1
46,ACMSD,1
47,ACOX1,1
48,ACTA2,0
49,ACTBP13,2
50,ACVR2A,1
51,ADAM11,1
52,ADAMTS7,0
53,ADAMTS8,1
54,ADAMTS9-AS2,2
55,ADAMTSL3,0
56,ADAP2,1
57,ADCY3,1
58,ADCY5,1
59,ADCY9,1
60,ADK,1
61,ADO,1
62,ADORA1,1
63,ADSL,1
64,AEBP2,1
65,AFAP1,1
66,AGBL2,0
67,AGBL4,1
68,AGMAT,2
69,AGPAT1,1
70,AHCTF1P1,1
71,AHDC1,1
72,AHRR,1
73,AHSA2,1
74,AIG1,0
75,AKAP13,1
76,AKAP2,1
77,AKR1A1,1
78,AKR1B10,1
79,AL022341.3,1
80,AL645922.1,1
81,AL672294.1,2
82,ALMS1,0
83,AMBRA1,1
84,AMPD3,1
85,ANK3,1
86,ANKRD36C,1
87,ANKUB1,2
88,ANO1,1
89,ANP32D,2
90,ANXA7,1
91,AOC4P,1
92,AP000320.7,1
93,AP000593.6,2
94,AP000692.10,2
95,AP000721.4,2
96,AP006621.5,1
97,AP1B1P1,2
98,AP1G1,1
99,AP3M1,1
100,APOH,0
101,APOLD1,1
102,APOM,2
103,AQP11,1
104,ARAP2,1
105,ARHGAP1,1
106,ARHGAP12,1
107,ARHGAP15,1
108,ARHGAP24,1
109,ARHGAP29,1
110,ARHGAP42,1
111,ARHGEF17,1
112,ARHGEF18,1
113,ARHGEF25,1
114,ARHGEF26,1
115,ARHGEF26-AS1,2
116,ARID1A,0
117,ARID5A,1
118,ARIH2,1
119,ARL14EP,1
120,ARL15,1
121,ARL17B,1
122,ARL6IP6,1
123,ARMC4,1
124,ARNTL,1
125,ARRDC1,1
126,ASB13,1
127,ASCC2,1
128,ASIC4,1
129,ASPN,1
130,ASTL,1
131,ASTN2,1
132,ASXL3,1
133,ATAD5,1
134,ATF1,1
135,ATF6B,1
136,ATG13,1
137,ATG7,1
138,ATP10A,1
139,ATP12A,0
140,ATP13A1,1
141,ATP5B,1
142,ATP8B3,0
143,ATP8B4,0
144,ATXN2,1
145,ATXN7,1
146,AURKAIP1,2
147,AUTS2,1
148,AXDND1,0
149,AZIN1,1
150,B9D1,1
151,B9D2,1
152,BAG3,1
153,BAG4,1
154,BAG6,1
155,BAIAP3,1
156,BANF1P5,2
157,BANK1,0
158,BANP,1
159,BAZ2A,1
160,BCAP29,1
161,BCAR3,1
162,BCAS3,1
163,BCKDHB,1
164,BCL7A,1
165,BCL7C,1
166,BDH2,1
167,BDNF-AS,1
168,BEND3P2,2
169,BEND7,1
170,BLK,1
171,BLOC1S5,0
172,BLZF1,1
173,BMP6,1
174,BMP8A,1
175,BMPR1B,1
176,BNC1,1
177,BNC2,1
178,BNIP1,1
179,BNIP3,0
180,BRD1,1
181,BRMS1L,1
182,BSN,1
183,BTBD1,0
184,BTBD3,1
185,BTNL2,0
186,BTRC,1
187,C10orf107,0
188,C10orf32,1
189,C10orf32-ASMT,1
190,C10orf76,1
191,C11orf30,1
192,C11orf31,0
193,C11orf49,1
194,C12orf54,2
195,C12orf65,1
196,C12orf71,2
197,C15orf40,2
198,C17orf104,1
199,C17orf75,1
200,C17orf82,2
201,C1GALT1,0
202,C1QTNF4,1
203,C1QTNF7,2
204,C1orf116,1
205,C1orf122,1
206,C1orf132,1
207,C1orf167,2
208,C1orf172,1
209,C1orf185,2
210,C1orf21,1
211,C1orf64,2
212,C2,0
213,C20orf141,2
214,C22orf31,2
215,C2orf43,0
216,C4orf51,2
217,C5orf56,2
218,C6orf1,2
219,C6orf10,2
220,C6orf25,1
221,C6orf48,2
222,C6orf89,1
223,C7orf50,1
224,C7orf63,1
225,C9orf37,1
226,C9orf66,2
227,CADM2,1
228,CALCOCO1,1
229,CALML4,2
230,CALML6,1
231,CAMTA1,0
232,CAND1,1
233,CAPRIN1,1
234,CAPZA1,1
235,CARF,1
236,CARS2,1
237,CASZ1,0
238,CBFA2T2,1
239,CBWD1,1
240,CBX1,1
241,CCBL2,1
242,CCDC104,1
243,CCDC141,0
244,CCDC157,0
245,CCDC163P,0
246,CCDC17,0
247,CCDC181,1
248,CCDC30,0
249,CCDC33,2
250,CCDC36,2
251,CCDC41,1
252,CCDC43,1
253,CCDC65,0
254,CCDC66,1
255,CCDC68,0
256,CCDC77,0
257,CCDC79,1
258,CCM2,0
259,CCNE1,1
260,CCNL2,2
261,CCNT2,1
262,CCNT2-AS1,1
263,CCT2,1
264,CCT6A,1
265,CCT6B,1
266,CCT7,1
267,CD151,1
268,CD160,2
269,CD164L2,2
270,CD46,1
271,CDC16,1
272,CDC20,1
273,CDC25A,1
274,CDC42BPA,1
275,CDC42EP3,1
276,CDH13,0
277,CDH16,0
278,CDK14,1
279,CDK17,1
280,CDK2AP1,1
281,CDK5R1,1
282,CDK5RAP1,1
283,CDK6,1
284,CDKL1,1
285,CDKN2C,1
286,CDYL2,1
287,CELA2A,1
288,CELA2B,2
289,CELF1,1
290,CENPE,1
291,CENPP,1
292,CEP120,1
293,CEP164,1
294,CEP68,1
295,CEP76,1
296,CEP97,1
297,CERS5,1
298,CFB,1
299,CFDP1,1
300,CFL1P2,2
301,CHAC1,1
302,CHAF1B,1
303,CHD2,0
304,CHD3,1
305,CHD6,1
306,CHRM2,0
307,CHST6,2
308,CHST9,0
309,CHTF8,1
310,CIRH1A,1
311,CISD2,1
312,CKAP5,0
313,CKB,1
314,CLCA2,0
315,CLDN7,1
316,CLEC16A,1
317,CLIC1,1
318,CLIC4,1
319,CLN6,1
320,CLN8,1
321,CLNS1A,1
322,CLP1,1
323,CLPB,1
324,CMIP,1
325,CMSS1,1
326,CNNM2,1
327,CNOT1,1
328,COBLL1,1
329,COG2,1
330,COG5,0
331,COL15A1,0
332,COL21A1,0
333,COL27A1,1
334,COL4A4,1
335,COL6A1,1
336,COL6A3,0
337,COL8A1,1
338,COPS4,1
339,CORO7,1
340,COX14,2
341,COX4I2,1
342,COX5A,1
343,CPEB4,1
344,CPLX3,1
345,CPS1,1
346,CPSF3L,0
347,CPT1C,1
348,CPXM1,1
349,CR1L,0
350,CRAT,1
351,CRB1,1
352,CREB3L1,1
353,CREB5,1
354,CREBRF,1
355,CRIP3,1
356,CRK,1
357,CRLF3,1
358,CSK,1
359,CSNK1G3,1
360,CSNK2B,1
361,CSPG5,1
362,CSRP3,0
363,CTAGE5,1
364,CTB-31O20.6,2
365,CTB-47B8.4,2
366,CTBP1,1
367,CTBP1-AS2,1
368,CTBP2,1
369,CTBP2P2,2
370,CTC-209H22.3,2
371,CTD-2026G22.1,2
372,CTD-2033A16.3,2
373,CTD-2132H18.3,2
374,CTD-2184C24.2,1
375,CTD-2218G20.1,2
376,CTD-2260A17.2,1
377,CTD-2342J14.6,1
378,CTD-2349B8.1,1
379,CTD-2383M3.1,2
380,CTD-2501B8.5,2
381,CTD-2552K11.2,2
382,CTD-2562J15.6,2
383,CTD-3064M3.1,1
384,CTD-3137H5.1,2
385,CTF2P,2
386,CTNNA3,1
387,CTNND1,1
388,CWC27,1
389,CYBRD1,1
390,CYCSP55,2
391,CYP20A1,1
392,CYP21A1P,1
393,CYP27A1,1
394,CYP2C18,0
395,CYP2W1,1
396,CYR61,1
397,CYTH1,1
398,DACH1,1
399,DAG1,1
400,DAZAP1,1
401,DBF4B,1
402,DCBLD1,1
403,DCDC1,1
404,DDHD2,1
405,DDX5,1
406,DENND2A,1
407,DFNA5,0
408,DGKB,1
409,DGKH,1
410,DGKZ,1
411,DHX30,0
412,DIP2A,1
413,DIP2B,1
414,DIRC1,2
415,DKFZP761J1410,1
416,DKFZP779L1853,1
417,DLEU1,2
418,DLEU2,1
419,DMRTA2,1
420,DNAJA3,1
421,DNAJB4,1
422,DNAJC11,0
423,DNAJC12,1
424,DNAJC16,1
425,DNAJC27,1
426,DNAJC27-AS1,1
427,DNAJC5,1
428,DNAJC9,1
429,DNAJC9-AS1,1
430,DND1,1
431,DNM2,1
432,DNM3,1
433,DNMT1,0
434,DOCK8,1
435,DOT1L,1
436,DPF3,1
437,DPY19L2P4,1
438,DPYSL2,1
439,DUS4L,1
440,DUSP16,1
441,DUSP2,1
442,DVL1,1
443,DYNC1LI2,1
444,DYNLRB1,1
445,DYSF,0
446,EBF1,1
447,EBF2,1
448,ECD,0
449,ECM2,1
450,EDEM2,1
451,EEF1E1-BLOC1S5,1
452,EEPD1,1
453,EFCAB4A,1
454,EFHB,0
455,EFR3B,1
456,EFS,1
457,EHBP1L1,1
458,EHMT1,1
459,EIF2AK4,1
460,EIF2AP4,2
461,EIF4A1,1
462,ELAVL3,1
463,ELK3,0
464,ELL,1
465,ELOVL1,1
466,ELP5,0
467,EML1,1
468,ENPEP,0
469,ENSA,1
470,EPB41L2,1
471,EPC1,1
472,EPM2AIP1,1
473,EPN2,1
474,EPS15,1
475,EPS8L2,1
476,ERAP1,0
477,ERBB4,1
478,EVA1C,1
479,EXOC6B,1
480,FAF1,1
481,FAHD2CP,1
482,FAM129B,1
483,FAM13A,1
484,FAM149B1,1
485,FAM168A,1
486,FAM171A2,1
487,FAM172BP,2
488,FAM174B,1
489,FAM180B,2
490,FAM186A,2
491,FAM186B,2
492,FAM188B,0
493,FAM193A,1
494,FAM208A,1
495,FAM208B,1
496,FAM213A,1
497,FAM219B,1
498,FAM222B,1
499,FAM46A,1
500,FAM46B,0
501,FAM8A2P,2
502,FAM92A1P1,1
503,FARP2,0
504,FBF1,0
505,FBLN5,0
506,FBLN7,1
507,FBN1,0
508,FBN2,1
509,FBRSL1,1
510,FBXL17,0
511,FBXL19,1
512,FBXL19-AS1,1
513,FBXO17,1
514,FBXO22,1
515,FBXO33,1
516,FBXO36,1
517,FBXO38,1
518,FBXO41,1
519,FBXW2,1
520,FCF1P6,2
521,FCN3,0
522,FER,1
523,FER1L5,1
524,FERMT2,1
525,FGD5,1
526,FGD6,1
527,FGF8,1
528,FGFR1,1
529,FGR,1
530,FHL3,1
531,FHL5,1
532,FHOD3,0
533,FIGN,1
534,FILIP1L,0
535,FKBP10,1
536,FKBPL,1
537,FMNL3,1
538,FN1,0
539,FNBP4,1
540,FNDC1,2
541,FNDC3B,1
542,FOLH1,0
543,FOSL2,1
544,FOXC1,1
545,FOXO3,1
546,FRK,0
547,FRMD3,1
548,FRMD8,1
549,FRS2,1
550,FUBP1,1
551,FURIN,1
552,FUT10,1
553,FUT2,0
554,FXR2,1
555,FYN,1
556,G6PC2,2
557,GAB2,1
558,GAPDHP29,2
559,GATSL3,1
560,GBF1,1
561,GCH1,1
562,GDF11,1
563,GDF5,1
564,GDF5OS,2
565,GDI2,1
566,GEM,1
567,GFM1,1
568,GIMAP4,1
569,GIPC2,1
570,GLE1,1
571,GLIS3,1
572,GLTPD1,1
573,GLYAT,2
574,GMDS,1
575,GML,2
576,GMPPA,1
577,GNB1,1
578,GNB4,1
579,GOPC,1
580,GOSR2,1
581,GPAT2,1
582,GPATCH2,1
583,GPATCH8,1
584,GPBP1L1,1
585,GPD1,0
586,GPER1,0
587,GPI,1
588,GPN1,1
589,GPR128,0
590,GPR146,2
591,GPR157,0
592,GPR20,2
593,GRIFIN,2
594,GRM4,1
595,GRM7,1
596,GSS,1
597,GTF2B,1
598,GTF2I,1
599,GXYLT1,1
600,H19,2
601,H1FNT,2
602,HARS,1
603,HARS2,1
604,HAUS3,1
605,HAUS6,0
606,HAUS8,1
607,HAX1,1
608,HBP1,1
609,HCG23,2
610,HDAC7,0
611,HDAC9,1
612,HDGFRP3,1
613,HDLBP,1
614,HECTD4,1
615,HELLS,1
616,HERC4,1
617,HEXIM1,1
618,HEXIM2,1
619,HEYL,0
620,HGFAC,1
621,HHIPL1,1
622,HIBADH,1
623,HIC1,1
624,HIP1,1
625,HIPK2,1
626,HIST1H1T,2
627,HIST1H2AC,1
628,HIST1H2AG,2
629,HIST1H2BC,1
630,HIST1H2BK,1
631,HIST1H4C,1
632,HIVEP2,1
633,HIVEP3,1
634,HLA-DQB1,1
635,HLA-DRB9,2
636,HLA-U,1
637,HM13,1
638,HM13-AS1,2
639,HMGA1,1
640,HMGB1P48,2
641,HNRNPFP1,2
642,HOMER2,1
643,HOMEZ,1
644,HOTTIP,2
645,HOXA-AS2,2
646,HOXA13,2
647,HOXA3,1
648,HOXA4,2
649,HOXA6,1
650,HOXB-AS3,2
651,HOXB3,1
652,HOXB6,1
653,HOXB7,1
654,HOXC4,1
655,HPS6,1
656,HRCT1,2
657,HSD17B6,2
658,HSF2BP,1
659,HSPA12A,1
660,HSPA1B,1
661,HSPB7,0
662,HTRA1,1
663,HYI,1
664,HYI-AS1,1
665,IARS,1
666,ICA1L,1
667,ICMT,1
668,ID1,1
669,IER5L,1
670,IGFBP7,1
671,IK,1
672,IL25,2
673,IMMT,2
674,ING1,1
675,INO80,1
676,INPP5A,1
677,INPP5B,0
678,INSR,1
679,INTS4,1
680,IPP,1
681,IRAK1BP1,1
682,IRF5,1
683,IRF6,1
684,IST1,1
685,ISYNA1,1
686,ITGA1,1
687,ITGA9,0
688,JAZF1,1
689,JMJD1C,1
690,JMJD1C-AS1,1
691,JMJD7,1
692,JPH2,0
693,JUP,0
694,KANK1,1
695,KANK2,1
696,KANK3,1
697,KANSL1,1
698,KANSL3,1
699,KAT2B,1
700,KAT5,1
701,KB-1507C5.2,1
702,KBTBD4,1
703,KCNK5,1
704,KCNRG,2
705,KDM4B,1
706,KDM5A,1
707,KIAA0355,1
708,KIAA1143,1
709,KIAA1462,2
710,KIAA1755,0
711,KIF15,0
712,KIF26A,1
713,KLB,1
714,KLF14,2
715,KLF16,1
716,KLF2,0
717,KLF7,1
718,KLHL21,0
719,KLHL25,0
720,KLHL29,1
721,KLHL2P1,1
722,KLHL38,0
723,KLHL42,1
724,KLLN,1
725,KRT18P16,2
726,KRT18P67,2
727,KRT18P9,2
728,KRT8P26,2
729,L2HGDH,1
730,LA16c-306E5.3,1
731,LACTBL1,2
732,LAMB2,0
733,LAMC1,0
734,LARP4,1
735,LATS2,1
736,LCA5L,2
737,LCORL,1
738,LDB1,1
739,LEF1,1
740,LEF1-AS1,2
741,LEPREL4,0
742,LETM2,0
743,LHFPL2,1
744,LIG3,1
745,LIMA1,1
746,LIMD1,1
747,LIN54,1
748,LIN7B,1
749,LINC00521,2
750,LINC01006,1
751,LLPH,2
752,LMAN1L,0
753,LMO1,1
754,LOH12CR1,1
755,LPXN,1
756,LRBA,1
757,LRCH1,1
758,LRIG1,1
759,LRP1,0
760,LRP4,1
761,LRP4-AS1,2
762,LRRC10,0
763,LRRC10B,1
764,LRRC61,1
765,LRRC69,2
766,LRRC8C,1
767,LRRFIP2,1
768,LSM1,1
769,LSM2,1
770,LSM6P2,2
771,LSMD1,0
772,LSP1,1
773,LTBP2,1
774,LTBP4,0
775,LUZP1,1
776,LXN,1
777,LY6G5B,0
778,LY6G6F,1
779,MACF1,1
780,MAD1L1,0
781,MAEA,1
782,MAK16,1
783,MALRD1,1
784,MAMSTR,1
785,MANBA,1
786,MANEAL,1
787,MAP1B,0
788,MAP2K2,1
789,MAP3K19,2
790,MAPK4,1
791,MAPKBP1,1
792,MARK2P10,2
793,MARK2P11,2
794,MARK3,1
795,MARK4,1
796,MAS1L,2
797,MAS1LP1,2
798,MAST2,0
799,MAST4,1
800,MBD5,1
801,MBNL1,1
802,MBNL2,1
803,MCF2L,1
804,MCPH1,0
805,MCRS1,1
806,MDM4,1
807,MECOM,0
808,MECR,1
809,MED13L,1
810,MED18,0
811,MED19,1
812,MED21,1
813,MED8,1
814,MEF2A,1
815,MEIS1,0
816,MERTK,1
817,MFAP4,2
818,MFSD1,1
819,MFSD6,1
820,MGA,1
821,MGEA5,2
822,MIA2,2
823,MIEF2,1
824,MILR1,1
825,MKLN1,0
826,MLF1,1
827,MLIP,0
828,MLLT3,1
829,MLTK,0
830,MLXIP,1
831,MMACHC,1
832,MMP14,1
833,MORC3,1
834,MORF4L1,1
835,MOV10,1
836,MPDU1,1
837,MPHOSPH9,1
838,MPI,1
839,MPP6,1
840,MPPE1P1,2
841,MPPED2,1
842,MRAS,0
843,MRC2,1
844,MRPL10,1
845,MRPL20,1
846,MRPL23-AS1,1
847,MRPL35,1
848,MRPL38,1
849,MRPL40P1,2
850,MRPL50P2,2
851,MRPS16,1
852,MRPS27,1
853,MRPS31,0
854,MRVI1,0
855,MSH5,1
856,MSI1,1
857,MSI2,1
858,MSRA,1
859,MSS51,1
860,MTAP,0
861,MTCH2,1
862,MTCO3P1,2
863,MTF1,1
864,MXD3,1
865,MXD4,1
866,MXI1,1
867,MXRA7,2
868,MXRA8,1
869,MYBPC2,0
870,MYBPH,2
871,MYEOV,2
872,MYH11,0
873,MYO1D,1
874,MYO1E,1
875,NAA16,0
876,NAA40,1
877,NAA60,1
878,NACA,1
879,NADK,1
880,NAE1,0
881,NASP,1
882,NAT10,1
883,NAV1,1
884,NBEAL1,0
885,NCALD,0
886,NCOA7,1
887,NCOR2,1
888,NCR3LG1,1
889,NDRG4,1
890,NDUFAF6,1
891,NEBL,0
892,NEK6,1
893,NEURL3,2
894,NEXN-AS1,2
895,NFAT5,0
896,NFATC2,1
897,NFE2L1,1
898,NFKBIA,1
899,NICN1,1
900,NMB,1
901,NME2P1,1
902,NME7,1
903,NME9,1
904,NOB1,1
905,NOC3L,1
906,NOL12,1
907,NOL8,1
908,NOLC1,1
909,NOTCH3,0
910,NOTCH4,0
911,NOTO,2
912,NOV,1
913,NOX4,0
914,NPHS2,1
915,NPNT,1
916,NPPA-AS1,0
917,NPW,1
918,NR2F2-AS1,1
919,NRBF2,1
920,NRG4,1
921,NRXN1,1
922,NT5DC2,1
923,NTN4,0
924,NUDC,1
925,NUDT13,1
926,NUDT3,1
927,NUP160,1
928,NUS1,1
929,NXPE3,1
930,OBFC1,1
931,ODF2,1
932,ODF2L,1
933,OGFOD2,1
934,OGN,1
935,OLA1,1
936,OMD,1
937,OR10AD1,2
938,OR10AF1P,2
939,OR10AG1,2
940,OR10AK1P,2
941,OR11A1,2
942,OR2H1,2
943,OR2I1P,2
944,OR4A11P,2
945,OR4A13P,2
946,OR4A14P,2
947,OR4A15,2
948,OR4A16,2
949,OR4A17P,2
950,OR4A2P,2
951,OR4A40P,2
952,OR4A41P,2
953,OR4A42P,2
954,OR4A43P,2
955,OR4A44P,2
956,OR4A45P,2
957,OR4A46P,2
958,OR4A48P,2
959,OR4A5,2
960,OR4A50P,2
961,OR4A6P,2
962,OR4A7P,2
963,OR4A9P,2
964,OR4B1,2
965,OR4B2P,2
966,OR4C10P,2
967,OR4C11,2
968,OR4C13,2
969,OR4C14P,2
970,OR4C15,2
971,OR4C16,2
972,OR4C2P,2
973,OR4C3,2
974,OR4C46,2
975,OR4C4P,2
976,OR4C5,2
977,OR4C50P,2
978,OR4C6,2
979,OR4C7P,2
980,OR4C9P,2
981,OR4P1P,2
982,OR4R1P,2
983,OR4S1,2
984,OR4S2,2
985,OR4V1P,2
986,OR4X1,2
987,OR4X2,2
988,OR4X7P,2
989,OR51E1,1
990,OR5AQ1P,2
991,OR5AS1,2
992,OR5AZ1P,2
993,OR5B12,2
994,OR5B2,2
995,OR5B21,2
996,OR5B3,2
997,OR5BA1P,2
998,OR5BE1P,2
999,OR5BN1P,2
1000,OR5BN2P,2
1001,OR5BS1P,2
1002,OR5D13,2
1003,OR5D14,2
1004,OR5D15P,2
1005,OR5D16,2
1006,OR5D17P,2
1007,OR5D2P,2
1008,OR5F1,2
1009,OR5F2P,2
1010,OR5I1,2
1011,OR5J1P,2
1012,OR5J2,2
1013,OR5J7P,2
1014,OR5L2,2
1015,OR5T1,2
1016,OR5T2,2
1017,OR5T3,0
1018,OR5V1,2
1019,OR5W2,2
1020,OR7E5P,2
1021,OR8H1,2
1022,OR8H2,2
1023,OR8H3,2
1024,OR8I1P,2
1025,OR8I2,2
1026,OR8I4P,2
1027,OR8J3,2
1028,OR8K1,2
1029,OR8K2P,2
1030,OR8K3,2
1031,OR8K4P,2
1032,OR8K5,2
1033,OR8S1,2
1034,OR8T1P,2
1035,OR8V1P,2
1036,OR9M1P,2
1037,ORC4,1
1038,OSBPL7,1
1039,P4HA1,1
1040,P4HA2,1
1041,PABPC4,1
1042,PACSIN3,1
1043,PALLD,1
1044,PAPPA2,1
1045,PAWR,1
1046,PAX2,1
1047,PBX1,1
1048,PBX3,1
1049,PCDH18,1
1050,PCDHA1,1
1051,PCDHA2,1
1052,PCDHA3,1
1053,PCDHA4,0
1054,PCDHA5,1
1055,PCDHA6,1
1056,PCDHA7,1
1057,PCDHA8,2
1058,PCNT,1
1059,PCOLCE2,1
1060,PCSK7,1
1061,PDCD11,1
1062,PDDC1,2
1063,PDGFRL,1
1064,PDLIM2,1
1065,PDLIM4,1
1066,PDLIM5,0
1067,PDP2,1
1068,PEPD,1
1069,PFKFB2,0
1070,PFN1P11,2
1071,PFN2,1
1072,PHACTR4,1
1073,PHC2,1
1074,PHF13,1
1075,PHF19,1
1076,PHF23,1
1077,PHIP,1
1078,PHKG1,1
1079,PHLDB2,1
1080,PHLPP2,1
1081,PHTF2,1
1082,PI15,1
1083,PIAS1,1
1084,PIDD,1
1085,PIEZO2,1
1086,PIGC,0
1087,PIK3C2B,1
1088,PIP5K1B,1
1089,PITPNM2,1
1090,PKHD1,0
1091,PKN2,1
1092,PLA2G4B,1
1093,PLCB1,1
1094,PLCB3,1
1095,PLCE1,0
1096,PLCXD2,1
1097,PLD3,1
1098,PLEC,0
1099,PLEKHA7,1
1100,PLEKHG1,1
1101,PLEKHH1,1
1102,PLEKHJ1,1
1103,PLEKHO2,1
1104,PLIN2,1
1105,PLK2,1
1106,PLXDC2,1
1107,PLXNB2,1
1108,PMFBP1,2
1109,PMS2P3,1
1110,PNKD,0
1111,PNPT1,1
1112,PODXL,0
1113,POGZ,1
1114,POLD3,1
1115,POLG2,1
1116,POLI,0
1117,POLN,0
1118,POLR1A,1
1119,POLR3C,1
1120,POM121C,1
1121,POP4,1
1122,POU2F1,1
1123,PP2D1,2
1124,PPAP2B,1
1125,PPAPDC1B,0
1126,PPCS,1
1127,PPHLN1,1
1128,PPIEL,1
1129,PPIL1,1
1130,PPL,0
1131,PPM1E,1
1132,PPP1R1C,1
1133,PPP2R1B,1
1134,PPP2R2D,1
1135,PPP2R4,1
1136,PPP2R5E,1
1137,PPP6C,1
1138,PPRC1,1
1139,PPT2,1
1140,PRADC1,1
1141,PRADC1P1,2
1142,PRDM11,1
1143,PRDM16,1
1144,PRDM6,2
1145,PRDX1,1
1146,PRELID1,1
1147,PREX1,1
1148,PREX2,1
1149,PRICKLE1,1
1150,PRIM1,1
1151,PRKAG1,1
1152,PRKAG2,1
1153,PRKCE,1
1154,PRKD1,1
1155,PRKD3,1
1156,PROCR,1
1157,PROM1,0
1158,PRPF40A,1
1159,PRPF40B,1
1160,PRPS1P1,2
1161,PRRT1,1
1162,PRSS16,1
1163,PRSS42,2
1164,PRSS50,1
1165,PSMD5-AS1,1
1166,PSMG2,1
1167,PSPH,1
1168,PTCD3,1
1169,PTK2,0
1170,PTPMT1,1
1171,PTPN3,1
1172,PTPRD,1
1173,PTPRJ,1
1174,PTPRU,1
1175,PXMP4,1
1176,QPCTL,1
1177,QRICH1,1
1178,QSOX1,1
1179,QTRT1,1
1180,RAB11FIP5,1
1181,RAB1A,2
1182,RAB24,1
1183,RAB34,1
1184,RAB5A,1
1185,RABEPK,1
1186,RABGAP1,0
1187,RAC1P3,2
1188,RAD51C,0
1189,RAI1,1
1190,RALGAPA1,1
1191,RAMP2,0
1192,RAPGEF5,1
1193,RAPH1,1
1194,RAPSN,1
1195,RBFOX1,1
1196,RBM47,1
1197,RBMS1,1
1198,RBMS3,1
1199,RBPMS,1
1200,RC3H2,1
1201,RCC1,1
1202,RDH10,0
1203,REEP1,1
1204,REEP3,1
1205,RELA,0
1206,RELT,2
1207,REPIN1,1
1208,RERE,0
1209,RERG,0
1210,REXO1,1
1211,RFFL,1
1212,RGL3,1
1213,RGS17,1
1214,RGS19,1
1215,RGS6,0
1216,RHBDD1,0
1217,RHOA,1
1218,RHOC,2
1219,RHOT2,2
1220,RILPL2,1
1221,RIMKLA,1
1222,RIN3,0
1223,RNASEH2B,0
1224,RNASEH2B-AS1,2
1225,RNASEH2C,1
1226,RNF11,1
1227,RNF115,1
1228,RNF123,1
1229,RNF126,1
1230,RNF13,1
1231,RNF130,1
1232,RNF207,1
1233,RNF215,1
1234,RNF39,2
1235,RNF4,1
1236,RP1-140A9.1,2
1237,RP1-144C9.2,2
1238,RP1-159A19.4,1
1239,RP1-178F10.1,1
1240,RP1-186E20.1,2
1241,RP1-239B22.5,1
1242,RP1-62O9.3,1
1243,RP1-92O14.3,1
1244,RP11-1029M24.1,2
1245,RP11-103J8.1,2
1246,RP11-1055B8.6,1
1247,RP11-1055B8.7,1
1248,RP11-1072C15.3,1
1249,RP11-1072C15.7,2
1250,RP11-1074O12.1,2
1251,RP11-1079K10.2,2
1252,RP11-107P7.1,2
1253,RP11-107P7.2,2
1254,RP11-107P7.4,1
1255,RP11-107P7.5,1
1256,RP11-107P7.6,2
1257,RP11-109P14.2,2
1258,RP11-111M22.2,1
1259,RP11-112H10.4,1
1260,RP11-125B21.2,1
1261,RP11-127H5.1,1
1262,RP11-131J4.12,2
1263,RP11-139G7.1,2
1264,RP11-145M9.2,2
1265,RP11-158M2.4,1
1266,RP11-163O19.1,2
1267,RP11-163O19.11,2
1268,RP11-163O19.3,2
1269,RP11-166N17.1,1
1270,RP11-180C16.1,1
1271,RP11-192H23.4,1
1272,RP11-20D14.4,2
1273,RP11-216B9.6,2
1274,RP11-21L23.4,2
1275,RP11-227G15.6,2
1276,RP11-227P3.1,1
1277,RP11-23D24.2,1
1278,RP11-23P13.4,2
1279,RP11-241I20.1,1
1280,RP11-247A12.2,2
1281,RP11-259G18.2,1
1282,RP11-259G18.3,2
1283,RP11-27I1.6,1
1284,RP11-282O18.3,2
1285,RP11-283G6.4,2
1286,RP11-283G6.5,2
1287,RP11-284M14.1,1
1288,RP11-285G1.2,2
1289,RP11-288G3.4,2
1290,RP11-302M6.4,1
1291,RP11-315D16.2,2
1292,RP11-321F6.1,1
1293,RP11-332H18.4,1
1294,RP11-332H18.5,2
1295,RP11-339B21.8,1
1296,RP11-33B1.1,1
1297,RP11-33B1.2,1
1298,RP11-345K20.2,1
1299,RP11-347H15.2,2
1300,RP11-351I24.1,2
1301,RP11-351O1.3,2
1302,RP11-355B11.1,2
1303,RP11-355B11.2,1
1304,RP11-359B20.5,2
1305,RP11-359M6.3,1
1306,RP11-363D14.1,2
1307,RP11-366O20.5,1
1308,RP11-370I10.4,2
1309,RP11-370I10.6,2
1310,RP11-372E1.4,2
1311,RP11-373N22.3,1
1312,RP11-379F4.4,2
1313,RP11-382A20.4,2
1314,RP11-382A20.5,2
1315,RP11-382A20.6,2
1316,RP11-382A20.7,2
1317,RP11-400F19.8,1
1318,RP11-407N17.3,2
1319,RP11-420K14.3,1
1320,RP11-432I5.2,2
1321,RP11-434I12.2,1
1322,RP11-436D10.3,2
1323,RP11-443K8.2,1
1324,RP11-444K7.8,2
1325,RP11-453O22.1,2
1326,RP11-454H13.1,2
1327,RP11-455F5.3,1
1328,RP11-464F9.20,2
1329,RP11-464F9.21,2
1330,RP11-470E16.1,1
1331,RP11-480G3.1,2
1332,RP11-492A10.1,2
1333,RP11-510D21.2,2
1334,RP11-513G19.1,2
1335,RP11-515C16.7,2
1336,RP11-56P9.10,2
1337,RP11-56P9.11,2
1338,RP11-56P9.4,2
1339,RP11-56P9.5,2
1340,RP11-56P9.8,2
1341,RP11-574M7.1,2
1342,RP11-574M7.2,2
1343,RP11-582E3.5,2
1344,RP11-599B13.6,1
1345,RP11-599B13.8,2
1346,RP11-5P18.3,2
1347,RP11-600F24.7,1
1348,RP11-61G23.1,1
1349,RP11-61N20.3,2
1350,RP11-626A1.1,1
1351,RP11-62C3.6,2
1352,RP11-630I5.1,2
1353,RP11-638I2.4,2
1354,RP11-694I15.7,2
1355,RP11-69E11.4,1
1356,RP11-707M1.1,2
1357,RP11-707M1.7,2
1358,RP11-722P11.4,2
1359,RP11-72M10.4,2
1360,RP11-734C14.2,2
1361,RP11-738O11.9,2
1362,RP11-750H9.5,1
1363,RP11-752L20.1,1
1364,RP11-758M4.1,1
1365,RP11-758M4.4,2
1366,RP11-775B15.2,2
1367,RP11-779O18.1,2
1368,RP11-779O18.2,2
1369,RP11-779O18.3,2
1370,RP11-77K12.1,1
1371,RP11-788M5.3,1
1372,RP11-793I11.1,2
1373,RP11-79J24.1,2
1374,RP11-79M21.3,2
1375,RP11-800A3.7,2
1376,RP11-805L22.1,2
1377,RP11-805L22.2,2
1378,RP11-81K2.1,2
1379,RP11-82K18.2,1
1380,RP11-89M16.1,1
1381,RP11-90P5.2,2
1382,RP11-981P6.1,1
1383,RP11-99J16__A.2,2
1384,RP3-323P13.2,1
1385,RP3-512B11.3,0
1386,RP3-522D1.2,2
1387,RP4-584D14.5,1
1388,RP4-605O3.4,2
1389,RP4-710M3.1,1
1390,RP4-758J18.2,1
1391,RP5-890E16.2,2
1392,RP5-890O3.3,1
1393,RPL12P8,2
1394,RPL17P12,2
1395,RPL17P50,1
1396,RPL21P42,2
1397,RPL24,1
1398,RPL24P7,2
1399,RPL31P57,2
1400,RPL35P2,2
1401,RPL7,1
1402,RPS17P1,2
1403,RPS20P2,2
1404,RPS23P2,2
1405,RPS27P25,1
1406,RPS4XP18,2
1407,RPS7,1
1408,RRAGA,2
1409,RRAS,0
1410,RREB1,1
1411,RRP1B,1
1412,RSBN1L,1
1413,RSF1,1
1414,RTN4,1
1415,RYK,1
1416,S100A2,1
1417,S100A3,2
1418,S100A4,1
1419,S100A5,2
1420,S1PR2,1
1421,SAPCD1,1
1422,SARDH,1
1423,SARNP,1
1424,SARS2,1
1425,SBNO1,0
1426,SCAF1,1
1427,SCAI,1
1428,SCAMP2,1
1429,SCAND2P,1
1430,SDCCAG8,1
1431,SEC31A,1
1432,SEMA4A,1
1433,SENP2,1
1434,SENP3,1
1435,SENP7,1
1436,SEPT9,1
1437,SETBP1,1
1438,SETD1A,1
1439,SETD6,0
1440,SETD8,1
1441,SF3A1,1
1442,SF3A2,1
1443,SF3A3,1
1444,SGCD,0
1445,SGIP1,1
1446,SGMS1,1
1447,SGSM3,1
1448,SH3BGR,0
1449,SH3PXD2A,1
1450,SH3TC2,0
1451,SHKBP1,1
1452,SHROOM3,1
1453,SIDT2,1
1454,SIPA1,1
1455,SIRT1,1
1456,SIRT4,0
1457,SKA2,0
1458,SKAP1,1
1459,SKI,0
1460,SLC12A9,1
1461,SLC16A1-AS1,1
1462,SLC17A2,1
1463,SLC17A3,0
1464,SLC20A2,1
1465,SLC22A17,1
1466,SLC22A3,1
1467,SLC22A4,1
1468,SLC22A5,0
1469,SLC24A3,1
1470,SLC25A15,1
1471,SLC25A22,1
1472,SLC25A26,1
1473,SLC25A37,1
1474,SLC26A4,0
1475,SLC26A4-AS1,2
1476,SLC26A7,1
1477,SLC2A9,0
1478,SLC35E2,1
1479,SLC35F1,1
1480,SLC39A12,1
1481,SLC39A13,2
1482,SLC39A8,1
1483,SLC44A4,1
1484,SLC45A4,1
1485,SLC4A10,1
1486,SLC4A1AP,1
1487,SLC4A7,0
1488,SLC5A11,2
1489,SLC7A1,1
1490,SLC7A2,0
1491,SLC8A1,0
1492,SLC9A3R2,2
1493,SLC9B1,1
1494,SLC9B2,1
1495,SLCO3A1,1
1496,SLMAP,1
1497,SLX4IP,1
1498,SMARCC1,0
1499,SMARCD1,1
1500,SMCR8,1
1501,SMEK2,1
1502,SMG6,1
1503,SMIM4,1
1504,SMNDC1,1
1505,SMOC2,1
1506,SMOX,1
1507,SMYD5,1
1508,SNF8,1
1509,SNORA67,2
1510,SNRNP70,1
1511,SNRPD2,1
1512,SNRPGP16,2
1513,SNTB2,1
1514,SNTG1,1
1515,SNX11,1
1516,SNX19,0
1517,SNX31,2
1518,SORBS3,1
1519,SORCS3,1
1520,SOS2,1
1521,SOX13,1
1522,SOX6,1
1523,SPAG5,1
1524,SPC24,1
1525,SPC25,1
1526,SPEG,1
1527,SPI1,0
1528,SPIB,1
1529,SPINK7,2
1530,SPINK9,2
1531,SPIRE1,1
1532,SPON2,1
1533,SPRYD7,1
1534,SPTBN4,1
1535,SRD5A3-AS1,2
1536,SREBF1,1
1537,SRL,0
1538,SRRT,1
1539,SRSF4,1
1540,SSBP4,1
1541,SSPN,1
1542,SSPO,1
1543,ST13P13,2
1544,ST5,1
1545,ST7L,1
1546,STAB1,0
1547,STAG1,1
1548,STAG3L2,1
1549,STAM2,1
1550,STAMBPL1,1
1551,STARD6,2
1552,STEAP1,1
1553,STEAP2,1
1554,STEAP2-AS1,2
1555,STK19,1
1556,STK19P,1
1557,STK25,1
1558,STK36,1
1559,STRBP,1
1560,STXBP5,1
1561,SUGCT,2
1562,SULT1C3,2
1563,SUMF2,1
1564,SUMO2P1,2
1565,SUPT6H,1
1566,SUPT7L,1
1567,SVEP1,0
1568,SWAP70,1
1569,SYNE1,1
1570,SYNPO2,1
1571,SYNPO2L,1
1572,SYT1,1
1573,SYT8,0
1574,SZT2,1
1575,TAF5,1
1576,TALDO1,1
1577,TBC1D10A,1
1578,TBC1D12,1
1579,TBL1XR1,1
1580,TBR1,1
1581,TBX2,0
1582,TBX20,0
1583,TBXAS1,1
1584,TCEA2,1
1585,TCF4,1
1586,TCF7L1,1
1587,TCIRG1,1
1588,TDRD15,2
1589,TDRD5,1
1590,TENC1,0
1591,TERF2,1
1592,TESK2,1
1593,TET1,2
1594,TEX14,0
1595,TFAP2D,1
1596,TFAP4,1
1597,TFCP2L1,1
1598,TFG,1
1599,TGFB2,1
1600,THADA,1
1601,THAP3,1
1602,THAP9,0
1603,THOC7,1
1604,THSD4,0
1605,THSD7B,1
1606,TIE1,0
1607,TLN1,1
1608,TLN2,1
1609,TM6SF1,1
1610,TMBIM6,2
1611,TMEM107,1
1612,TMEM108,1
1613,TMEM131,1
1614,TMEM161B,1
1615,TMEM165,1
1616,TMEM170A,0
1617,TMEM194B,1
1618,TMEM200B,1
1619,TMEM229B,1
1620,TMEM239,2
1621,TMEM42,1
1622,TMEM44,0
1623,TMEM44-AS1,1
1624,TMEM60,1
1625,TMEM69,1
1626,TMEM72-AS1,2
1627,TMEM87B,1
1628,TMEM91,1
1629,TMSB4XP1,2
1630,TMX2,1
1631,TMX2-CTNND1,1
1632,TNIP2,0
1633,TNRC6A,1
1634,TNRC6B,1
1635,TNS1,1
1636,TNS3,1
1637,TNXB,1
1638,TOP3A,1
1639,TP53INP1,1
1640,TPD52L2,2
1641,TPM2,1
1642,TPSP2,1
1643,TPTE2P5,1
1644,TRAF1,1
1645,TRAF3IP3,1
1646,TRAK1,1
1647,TRANK1,1
1648,TRAPPC9,1
1649,TRHR,1
1650,TRIM29,1
1651,TRIM48,2
1652,TRIM49B,2
1653,TRIM51,2
1654,TRIM51CP,2
1655,TRIM51FP,2
1656,TRIM51GP,2
1657,TRIM51HP,2
1658,TRIM53CP,2
1659,TRIM64C,2
1660,TRIOBP,0
1661,TRIP12,0
1662,TRIP6,1
1663,TRMT61A,1
1664,TRNAU1AP,1
1665,TRPC4AP,1
1666,TRPM7,0
1667,TSKU,1
1668,TSNARE1,0
1669,TSPAN14,1
1670,TTC18,0
1671,TTC28,1
1672,TTC39A,1
1673,TTI2,1
1674,TTLL4,1
1675,TTLL6,0
1676,TUBBP2,2
1677,TXNDC5,1
1678,TYRL,2
1679,UBA2,0
1680,UBAP1,1
1681,UBAP2L,1
1682,UBD,1
1683,UBDP1,2
1684,UBE2D3,1
1685,UBE2E3,1
1686,UBE2I,1
1687,UBE2Q2,1
1688,UBN1,1
1689,UBTFL7,2
1690,UBXN2A,0
1691,UFL1,1
1692,UFL1-AS1,2
1693,UFSP1,2
1694,UGP2,0
1695,UHRF1,1
1696,ULK3,1
1697,ULK4,0
1698,UNC5C,1
1699,UPF3A,1
1700,UQCC1,1
1701,UQCR10,1
1702,UQCRHP1,2
1703,USMG5,2
1704,USP34,1
1705,USP35,1
1706,USP36,1
1707,USP38,1
1708,USP4,1
1709,USP50,0
1710,USP54,1
1711,UVSSA,1
1712,VAC14,1
1713,VARS,1
1714,VCL,1
1715,VMP1,1
1716,VN1R11P,2
1717,VPS54,1
1718,VWA7,1
1719,VWA8,1
1720,WAC,1
1721,WARS2,0
1722,WASF2,0
1723,WBP1LP2,2
1724,WDPCP,0
1725,WDR1,1
1726,WDR12,1
1727,WDR55,1
1728,WDR7,1
1729,WDR73,1
1730,WDR90,1
1731,WHSC1L1,0
1732,WIPF1,1
1733,WNT2B,1
1734,WNT3A,1
1735,WRB,1
1736,XPO1,1
1737,XPR1,1
1738,XRCC6,1
1739,XXbac-BPG154L12.4,2
1740,XXbac-BPG32J3.20,1
1741,XXbac-BPGBPG24O18.1,2
1742,YAF2,1
1743,YAP1,1
1744,YBX1P6,2
1745,YEATS2,1
1746,YKT6,1
1747,YOD1,1
1748,YRDC,1
1749,YY1,1
1750,Y_RNA,2
1751,ZBED1P1,2
1752,ZBTB10,1
1753,ZBTB20,1
1754,ZBTB26,1
1755,ZBTB38,1
1756,ZBTB46,1
1757,ZBTB48,0
1758,ZBTB7A,1
1759,ZC3H11B,2
1760,ZC3H7B,1
1761,ZC3HC1,1
1762,ZCCHC2,1
1763,ZCRB1,1
1764,ZDHHC18,0
1765,ZDHHC5,1
1766,ZFAND2A,0
1767,ZFAT,1
1768,ZFHX3,1
1769,ZFP36L1,2
1770,ZFP91,1
1771,ZFPM2,0
1772,ZMAT2,1
1773,ZMAT5,1
1774,ZMYND12,1
1775,ZMYND19,1
1776,ZNF100,2
1777,ZNF101,2
1778,ZNF207,1
1779,ZNF208,1
1780,ZNF257,2
1781,ZNF318,1
1782,ZNF341,1
1783,ZNF385B,1
1784,ZNF408,1
1785,ZNF423,1
1786,ZNF462,1
1787,ZNF467,1
1788,ZNF501,2
1789,ZNF502,1
1790,ZNF516,1
1791,ZNF618,1
1792,ZNF638,1
1793,ZNF641,1
1794,ZNF652,1
1795,ZNF672,1
1796,ZNF775,1
1797,ZNF827,1
1798,ZNF831,0
1799,ZNF92P2,2
1800,ZNRD1,1
1801,ZNRD1-AS1,1
1802,ZNRF3,1
1803,ZSCAN2,2
