Gene,most likely,probable,least likely
OR5W2,0.00530272,0.013989591,0.9807077
OR8K1,0.00530272,0.013989591,0.9807077
OR11A1,0.00530272,0.013989591,0.9807077
OR5F1,0.00530272,0.013989591,0.9807077
RP11-707M1.7,0.004916623,0.015486732,0.9795966
BEND3P2,0.004916623,0.015486732,0.9795966
RP11-582E3.5,0.004916623,0.015486732,0.9795966
XXbac-BPGBPG24O18.1,0.004916623,0.015486732,0.9795966
MTCO3P1,0.004916623,0.015486732,0.9795966
TRIM51GP,0.004916623,0.015486732,0.9795966
BANF1P5,0.004916623,0.015486732,0.9795966
RP11-5P18.3,0.004916623,0.015486732,0.9795966
PRPS1P1,0.004916623,0.015486732,0.9795966
OR5BE1P,0.004916623,0.015486732,0.9795966
UBDP1,0.004916623,0.015486732,0.9795966
RP11-62C3.6,0.004916623,0.015486732,0.9795966
OR5BN1P,0.004916623,0.015486732,0.9795966
DIRC1,0.004916623,0.015486732,0.9795966
RP11-574M7.1,0.004916623,0.015486732,0.9795966
OR5BN2P,0.004916623,0.015486732,0.9795966
RPS4XP18,0.004916623,0.015486732,0.9795966
RP11-707M1.1,0.004916623,0.015486732,0.9795966
OR4A45P,0.004916623,0.015486732,0.9795966
RP11-722P11.4,0.004916623,0.015486732,0.9795966
RPS23P2,0.004916623,0.015486732,0.9795966
RP11-72M10.4,0.004916623,0.015486732,0.9795966
RP11-734C14.2,0.004916623,0.015486732,0.9795966
RP11-738O11.9,0.004916623,0.015486732,0.9795966
RP11-574M7.2,0.004916623,0.015486732,0.9795966
RP11-56P9.5,0.004916623,0.015486732,0.9795966
RP11-56P9.8,0.004916623,0.015486732,0.9795966
MAS1LP1,0.004916623,0.015486732,0.9795966
EIF2AP4,0.004916623,0.015486732,0.9795966
OR4V1P,0.004916623,0.015486732,0.9795966
LSM6P2,0.004916623,0.015486732,0.9795966
OR4X7P,0.004916623,0.015486732,0.9795966
RP11-444K7.8,0.004916623,0.015486732,0.9795966
TRIM51HP,0.004916623,0.015486732,0.9795966
MARK2P10,0.004916623,0.015486732,0.9795966
OR5AQ1P,0.004916623,0.015486732,0.9795966
RP11-453O22.1,0.004916623,0.015486732,0.9795966
RP11-454H13.1,0.004916623,0.015486732,0.9795966
MARK2P11,0.004916623,0.015486732,0.9795966
MPPE1P1,0.004916623,0.015486732,0.9795966
RPS17P1,0.004916623,0.015486732,0.9795966
OR5AZ1P,0.004916623,0.015486732,0.9795966
RP11-480G3.1,0.004916623,0.015486732,0.9795966
RP11-492A10.1,0.004916623,0.015486732,0.9795966
ZBED1P1,0.004916623,0.015486732,0.9795966
RP11-510D21.2,0.004916623,0.015486732,0.9795966
MRPL50P2,0.004916623,0.015486732,0.9795966
RP11-515C16.7,0.004916623,0.015486732,0.9795966
OR4A2P,0.004916623,0.015486732,0.9795966
RAC1P3,0.004916623,0.015486732,0.9795966
RP11-56P9.11,0.004916623,0.015486732,0.9795966
RP11-56P9.4,0.004916623,0.015486732,0.9795966
OR5BS1P,0.004916623,0.015486732,0.9795966
RPL35P2,0.004916623,0.015486732,0.9795966
RP11-758M4.4,0.004916623,0.015486732,0.9795966
OR4S1,0.004916623,0.015486732,0.9795966
OR5J7P,0.004916623,0.015486732,0.9795966
CTD-2132H18.3,0.004916623,0.015486732,0.9795966
RP3-522D1.2,0.004916623,0.015486732,0.9795966
CTD-2026G22.1,0.004916623,0.015486732,0.9795966
CTC-209H22.3,0.004916623,0.015486732,0.9795966
CTBP2P2,0.004916623,0.015486732,0.9795966
TRIM51CP,0.004916623,0.015486732,0.9795966
OR4A17P,0.004916623,0.015486732,0.9795966
OR4A43P,0.004916623,0.015486732,0.9795966
TRIM51FP,0.004916623,0.015486732,0.9795966
RPL17P12,0.004916623,0.015486732,0.9795966
OR9M1P,0.004916623,0.015486732,0.9795966
OR8V1P,0.004916623,0.015486732,0.9795966
CTB-47B8.4,0.004916623,0.015486732,0.9795966
OR8K4P,0.004916623,0.015486732,0.9795966
CTB-31O20.6,0.004916623,0.015486732,0.9795966
OR8K2P,0.004916623,0.015486732,0.9795966
OR8I4P,0.004916623,0.015486732,0.9795966
OR8I1P,0.004916623,0.015486732,0.9795966
OR4A42P,0.004916623,0.015486732,0.9795966
OR4A41P,0.004916623,0.015486732,0.9795966
UQCRHP1,0.004916623,0.015486732,0.9795966
OR7E5P,0.004916623,0.015486732,0.9795966
OR4A15,0.004916623,0.015486732,0.9795966
OR4A14P,0.004916623,0.015486732,0.9795966
RP11-90P5.2,0.004916623,0.015486732,0.9795966
RP11-79M21.3,0.004916623,0.015486732,0.9795966
OR5D15P,0.004916623,0.015486732,0.9795966
RPL31P57,0.004916623,0.015486732,0.9795966
RPL21P42,0.004916623,0.015486732,0.9795966
OR5D17P,0.004916623,0.015486732,0.9795966
OR10AF1P,0.004916623,0.015486732,0.9795966
OR10AK1P,0.004916623,0.015486732,0.9795966
OR5D2P,0.004916623,0.015486732,0.9795966
RP11-793I11.1,0.004916623,0.015486732,0.9795966
C1orf185,0.004916623,0.015486732,0.9795966
RP11-79J24.1,0.004916623,0.015486732,0.9795966
C4orf51,0.004916623,0.015486732,0.9795966
OR4A13P,0.004916623,0.015486732,0.9795966
OR5F2P,0.004916623,0.015486732,0.9795966
CTF2P,0.004916623,0.015486732,0.9795966
CTD-3137H5.1,0.004916623,0.015486732,0.9795966
OR4A11P,0.004916623,0.015486732,0.9795966
UBTFL7,0.004916623,0.015486732,0.9795966
OR5J1P,0.004916623,0.015486732,0.9795966
RP11-805L22.1,0.004916623,0.015486732,0.9795966
CTD-2552K11.2,0.004916623,0.015486732,0.9795966
RP11-805L22.2,0.004916623,0.015486732,0.9795966
VN1R11P,0.004916623,0.015486732,0.9795966
TMEM239,0.004916623,0.015486732,0.9795966
RP11-56P9.10,0.004916623,0.015486732,0.9795966
OR4R1P,0.004916623,0.015486732,0.9795966
HMGB1P48,0.004916623,0.015486732,0.9795966
TDRD15,0.004916623,0.015486732,0.9795966
RP11-288G3.4,0.004916623,0.015486732,0.9795966
ZNF92P2,0.004916623,0.015486732,0.9795966
RP11-285G1.2,0.004916623,0.015486732,0.9795966
RP11-283G6.5,0.004916623,0.015486732,0.9795966
ACTBP13,0.004916623,0.015486732,0.9795966
OR4C14P,0.004916623,0.015486732,0.9795966
OR4C16,0.004916623,0.015486732,0.9795966
OR4C2P,0.004916623,0.015486732,0.9795966
OR4C3,0.004916623,0.015486732,0.9795966
HNRNPFP1,0.004916623,0.015486732,0.9795966
OR4C10P,0.004916623,0.015486732,0.9795966
RP11-227G15.6,0.004916623,0.015486732,0.9795966
RP11-21L23.4,0.004916623,0.015486732,0.9795966
HOTTIP,0.004916623,0.015486732,0.9795966
RP11-20D14.4,0.004916623,0.015486732,0.9795966
OR4C4P,0.004916623,0.015486732,0.9795966
HOXA13,0.004916623,0.015486732,0.9795966
RP11-163O19.3,0.004916623,0.015486732,0.9795966
RP11-163O19.11,0.004916623,0.015486732,0.9795966
RP11-163O19.1,0.004916623,0.015486732,0.9795966
RP11-145M9.2,0.004916623,0.015486732,0.9795966
FCF1P6,0.004916623,0.015486732,0.9795966
AC093106.4,0.004916623,0.015486732,0.9795966
RP11-131J4.12,0.004916623,0.015486732,0.9795966
AC012462.1,0.004916623,0.015486732,0.9795966
GAPDHP29,0.004916623,0.015486732,0.9795966
RP11-382A20.5,0.004916623,0.015486732,0.9795966
OR4A48P,0.004916623,0.015486732,0.9795966
OR4A5,0.004916623,0.015486732,0.9795966
AC004920.2,0.004916623,0.015486732,0.9795966
AC005609.2,0.004916623,0.015486732,0.9795966
AC006369.2,0.004916623,0.015486732,0.9795966
OR4A50P,0.004916623,0.015486732,0.9795966
OR4A6P,0.004916623,0.015486732,0.9795966
AC009480.4,0.004916623,0.015486732,0.9795966
OR4A7P,0.004916623,0.015486732,0.9795966
OR4B2P,0.004916623,0.015486732,0.9795966
RP11-359B20.5,0.004916623,0.015486732,0.9795966
AC021218.2,0.004916623,0.015486732,0.9795966
RP11-355B11.1,0.004916623,0.015486732,0.9795966
AC023347.2,0.004916623,0.015486732,0.9795966
RP11-351O1.3,0.004916623,0.015486732,0.9795966
RP11-347H15.2,0.004916623,0.015486732,0.9795966
AC073072.7,0.004916623,0.015486732,0.9795966
OR4A9P,0.004916623,0.015486732,0.9795966
OR4B1,0.004916623,0.015486732,0.9795966
AC083949.1,0.004916623,0.015486732,0.9795966
RP11-139G7.1,0.004916623,0.015486732,0.9795966
OR5V1,0.004916623,0.015486732,0.9795966
LACTBL1,0.004916623,0.015486732,0.9795966
RP1-144C9.2,0.004916623,0.015486732,0.9795966
TRIM53CP,0.004916623,0.015486732,0.9795966
SNRPGP16,0.004916623,0.015486732,0.9795966
AP1B1P1,0.004916623,0.015486732,0.9795966
KRT18P9,0.004916623,0.015486732,0.9795966
RP11-1029M24.1,0.004916623,0.015486732,0.9795966
OR4A44P,0.004916623,0.015486732,0.9795966
RP1-186E20.1,0.004916623,0.015486732,0.9795966
RP11-107P7.6,0.004916623,0.015486732,0.9795966
TYRL,0.004916623,0.015486732,0.9795966
RP11-107P7.2,0.004916623,0.015486732,0.9795966
OR4C9P,0.004916623,0.015486732,0.9795966
FAM8A2P,0.004916623,0.015486732,0.9795966
OR4C50P,0.004916623,0.015486732,0.9795966
KRT18P16,0.004916623,0.015486732,0.9795966
OR4C5,0.004916623,0.015486732,0.9795966
KRT18P67,0.004916623,0.015486732,0.9795966
RP11-1072C15.7,0.004916623,0.015486732,0.9795966
OR4P1P,0.004916623,0.015486732,0.9795966
SNORA67,0.004916623,0.015486732,0.9795966
RP11-107P7.1,0.004916623,0.015486732,0.9795966
OR4C7P,0.004916623,0.015486732,0.9795966
ANKUB1,0.005017907,0.015805764,0.9791764
OR5B2,0.008820003,0.012413834,0.97876614
OR8J3,0.008820003,0.012413834,0.97876614
NOTO,0.004910599,0.016692974,0.9783965
OR5AS1,0.004462312,0.017454902,0.9780828
OR5I1,0.004462312,0.017454902,0.9780828
OR2H1,0.009686893,0.015412492,0.97490054
TRIM64C,0.009686893,0.015412492,0.97490054
OR5B12,0.008331783,0.017387059,0.9742812
ANP32D,0.010739213,0.016588451,0.9726723
C1orf64,0.004983833,0.022488996,0.97252715
YBX1P6,0.004983833,0.022488996,0.97252715
HOXB-AS3,0.006096664,0.021934604,0.9719687
RP11-283G6.4,0.006096664,0.021934604,0.9719687
AP000593.6,0.004875777,0.023665871,0.9714584
RP11-372E1.4,0.004875777,0.023665871,0.9714584
STARD6,0.004875777,0.023665871,0.9714584
CYCSP55,0.004974971,0.024227206,0.97079784
RP11-382A20.4,0.005636719,0.027147893,0.9672154
OR5BA1P,0.0056339,0.027634194,0.96673185
LINC00521,0.004910615,0.036849733,0.9582396
RP11-103J8.1,0.005566464,0.0392733,0.95516026
GDF5OS,0.004785763,0.041690465,0.95352376
C1orf167,0.005550923,0.041955464,0.95249355
H1FNT,0.014399373,0.034989927,0.9506107
LEF1-AS1,0.005950177,0.045435064,0.9486148
SPINK9,0.004609697,0.047524285,0.9478661
RPL12P8,0.005904904,0.052698135,0.941397
FAM180B,0.011389237,0.048775017,0.9398357
C12orf71,0.009121932,0.053847007,0.93703103
NEXN-AS1,0.008987753,0.054893687,0.93611854
UFL1-AS1,0.004680214,0.06282566,0.9324941
GRIFIN,0.004680214,0.06282566,0.9324941
RP11-630I5.1,0.004680214,0.06282566,0.9324941
OR5D14,0.032837495,0.03716383,0.9299987
OR4S2,0.030430367,0.041119155,0.9284505
OR8K3,0.027578354,0.044527642,0.927894
OR8I2,0.027578354,0.044527642,0.927894
OR5B21,0.027578354,0.044527642,0.927894
OR5J2,0.027578354,0.044527642,0.927894
CCDC36,0.010243,0.06940881,0.92034817
CFL1P2,0.004709065,0.07638091,0.91890997
OR8K5,0.03876133,0.04439147,0.91684717
OR8H1,0.0453522,0.039065246,0.9155826
C12orf54,0.005712073,0.080520496,0.91376746
OR8H2,0.053771447,0.032466326,0.9137623
OR5L2,0.053771447,0.032466326,0.9137623
OR5B3,0.053771447,0.032466326,0.9137623
OR10AG1,0.04640988,0.048154417,0.9054357
TRIM49B,0.04640988,0.048154417,0.9054357
OR4A16,0.04640988,0.048154417,0.9054357
TRIM51,0.04640988,0.048154417,0.9054357
OR4C6,0.04640988,0.048154417,0.9054357
C20orf141,0.04640988,0.048154417,0.9054357
AC073072.5,0.008186683,0.08744992,0.9043634
OR8S1,0.024462504,0.07532697,0.9002105
OR8H3,0.062771335,0.038352434,0.89887625
OR2I1P,0.004602521,0.09727801,0.89811945
AC018890.6,0.004602521,0.09727801,0.89811945
ZNF501,0.01623236,0.08690606,0.89686155
OR5D16,0.060154676,0.04340349,0.8964419
OR5D13,0.060154676,0.04340349,0.8964419
XXbac-BPG154L12.4,0.005205505,0.10157185,0.8932226
OR4X1,0.062686235,0.04733249,0.8899812
OR4C11,0.064207934,0.04725565,0.8885364
OR4C46,0.064207934,0.04725565,0.8885364
HLA-DRB9,0.008038294,0.103990614,0.8879711
GLYAT,0.04627197,0.0695841,0.8841439
S100A3,0.050820284,0.074183635,0.8749961
RP11-513G19.1,0.00663868,0.11973561,0.8736257
RP11-382A20.7,0.00760125,0.12122353,0.8711752
AGMAT,0.005427086,0.12639518,0.8681777
OR4X2,0.08900988,0.04639412,0.864596
GML,0.015294321,0.1234231,0.8612826
PRSS42,0.06358055,0.07793568,0.8584838
CD160,0.05640731,0.08695726,0.85663545
ADAMTS9-AS2,0.014662644,0.1292527,0.85608464
OR4C13,0.09993675,0.045837644,0.8542256
AC156455.1,0.014563198,0.13515839,0.85027844
GPR20,0.028959595,0.12201608,0.8490243
MYEOV,0.07659217,0.08844144,0.8349664
OR10AD1,0.014762344,0.15108168,0.834156
C15orf40,0.07459434,0.09476397,0.8306417
WBP1LP2,0.019123346,0.15243636,0.82844037
IL25,0.075571254,0.10205752,0.82237124
CELA2B,0.054358818,0.1341715,0.8114696
RPL24P7,0.007435843,0.19215569,0.8004085
HSD17B6,0.022183653,0.1890074,0.7888089
CALML4,0.034422003,0.17873259,0.78684545
RP11-109P14.2,0.007538882,0.20637107,0.78609
FAM172BP,0.007538882,0.20637107,0.78609
UFSP1,0.024802787,0.1896614,0.7855358
ZSCAN2,0.012334833,0.21003407,0.77763104
RP11-99J16__A.2,0.035474192,0.19483478,0.769691
TUBBP2,0.01180738,0.25990233,0.7282903
HOXA4,0.011160379,0.2610529,0.7277867
SUMO2P1,0.013180282,0.26347694,0.7233427
PRADC1P1,0.013180282,0.26347694,0.7233427
S100A5,0.034961145,0.24205342,0.7229854
PFN1P11,0.010153096,0.26971525,0.72013164
RP11-432I5.2,0.010153096,0.26971525,0.72013164
CTD-2562J15.6,0.010153096,0.26971525,0.72013164
KLF14,0.005418203,0.27704206,0.7175397
OR4C15,0.2432532,0.041489035,0.71525776
RP11-779O18.1,0.005436902,0.28758538,0.7069777
C9orf66,0.1207732,0.17287289,0.7063539
RP11-23P13.4,0.008756094,0.28563735,0.7056066
RPS20P2,0.008756094,0.28563735,0.7056066
HIST1H1T,0.008756094,0.28563735,0.7056066
ST13P13,0.008756094,0.28563735,0.7056066
AL672294.1,0.008756094,0.28563735,0.7056066
RP11-436D10.3,0.008756094,0.28563735,0.7056066
OR4A46P,0.008756094,0.28563735,0.7056066
RP11-775B15.2,0.008756094,0.28563735,0.7056066
CTD-2218G20.1,0.008756094,0.28563735,0.7056066
TET1,0.020004557,0.27591586,0.70407957
CTD-2501B8.5,0.010891985,0.2893437,0.6997643
RP11-779O18.2,0.010219025,0.29132548,0.6984555
KRT8P26,0.010219025,0.29132548,0.6984555
RP11-247A12.2,0.010219025,0.29132548,0.6984555
PRDM6,0.009201282,0.29260486,0.69819385
GPR146,0.0494264,0.25351253,0.697061
C6orf10,0.24331439,0.06069155,0.695994
PP2D1,0.00853319,0.2987295,0.6927373
RP11-1074O12.1,0.00853319,0.2987295,0.6927373
RP11-61N20.3,0.00853319,0.2987295,0.6927373
RP11-332H18.5,0.00853319,0.2987295,0.6927373
SRD5A3-AS1,0.00853319,0.2987295,0.6927373
HIST1H2AG,0.08104032,0.2262501,0.69270957
C1QTNF7,0.05805202,0.25121215,0.6907358
AURKAIP1,0.01976306,0.28992736,0.69030964
SULT1C3,0.23465759,0.07535912,0.6899833
NEURL3,0.010064126,0.30206746,0.6878684
RP11-282O18.3,0.03736744,0.27804458,0.68458796
RNASEH2B-AS1,0.008333636,0.31512928,0.6765371
SLC26A4-AS1,0.008333636,0.31512928,0.6765371
MAP3K19,0.23514582,0.09222605,0.6726281
CD164L2,0.024630038,0.30292153,0.67244846
C6orf1,0.11419245,0.21408854,0.671719
LRRC69,0.015679017,0.3134273,0.67089367
TMEM72-AS1,0.00875918,0.3228414,0.66839945
RP11-694I15.7,0.00875918,0.3228414,0.66839945
DLEU1,0.00875918,0.3228414,0.66839945
HOXA-AS2,0.00875918,0.3228414,0.66839945
SUGCT,0.023684347,0.31142822,0.6648874
SPINK7,0.008686393,0.32846856,0.6628451
AC007563.5,0.008686393,0.32846856,0.6628451
RP11-259G18.3,0.008686393,0.32846856,0.6628451
H19,0.20822601,0.13424595,0.65752804
FAM186A,0.009538378,0.33391902,0.6565426
MRPL40P1,0.008042358,0.33906683,0.6528908
RP11-370I10.4,0.009373023,0.345466,0.64516103
MYBPH,0.18382208,0.1716553,0.64452267
SLC39A13,0.019799128,0.33866838,0.6415325
TRIM48,0.30609933,0.05669833,0.6372024
SLC5A11,0.031037541,0.33372605,0.6352364
CTD-2033A16.3,0.006844594,0.36099967,0.6321557
RP11-599B13.8,0.006844594,0.36099967,0.6321557
HCG23,0.04032576,0.3326351,0.6270391
COX14,0.070605785,0.30269328,0.62670094
C5orf56,0.15288615,0.22170883,0.625405
RAB1A,0.022522666,0.35269243,0.6247849
RP11-464F9.20,0.0465142,0.33049014,0.6229957
HRCT1,0.072766505,0.3057664,0.62146705
RP11-800A3.7,0.08538161,0.29344654,0.6211719
APOM,0.03879131,0.34274697,0.6184617
CCDC33,0.13527383,0.24945083,0.6152753
G6PC2,0.27397504,0.11153595,0.614489
ZNF101,0.14814745,0.24159946,0.61025304
ZC3H11B,0.012794752,0.37728956,0.60991573
RP11-638I2.4,0.00828855,0.38197133,0.6097401
RHOC,0.021356124,0.36901882,0.60962504
ZFP36L1,0.013609784,0.37801576,0.6083744
RP11-363D14.1,0.0744877,0.3202573,0.60525495
ZNF257,0.26357824,0.13497199,0.6014497
RP1-140A9.1,0.038128156,0.36900407,0.59286773
C17orf82,0.05569755,0.3522999,0.5920026
RP11-351I24.1,0.008495646,0.40758148,0.58392286
MFAP4,0.013012377,0.40531802,0.58166957
TMSB4XP1,0.008140991,0.411201,0.58065796
RP11-379F4.4,0.036427557,0.38546658,0.57810587
RP11-81K2.1,0.007560997,0.41523504,0.577204
OR4A40P,0.007560997,0.41523504,0.577204
RP11-1079K10.2,0.007560997,0.41523504,0.577204
Y_RNA,0.007560997,0.41523504,0.577204
PMFBP1,0.14892313,0.27483723,0.57623965
FAM186B,0.27785748,0.14628676,0.57585573
SLC9A3R2,0.026870396,0.40002075,0.57310885
AC002117.1,0.029357973,0.39940736,0.57123464
CTD-2383M3.1,0.006149054,0.42593414,0.5679168
FNDC1,0.1048557,0.32749373,0.5676506
AP000692.10,0.006771345,0.42675135,0.5664773
LLPH,0.08781578,0.34775183,0.5644324
RP11-382A20.6,0.006918275,0.43121588,0.5618658
PCDHA8,0.2498369,0.18981262,0.5603505
STEAP2-AS1,0.006414806,0.43668777,0.55689746
USMG5,0.0959352,0.34872472,0.5553401
SNX31,0.34940603,0.0960542,0.5545398
OR8T1P,0.006622045,0.43939078,0.55398715
KCNRG,0.0983239,0.34779325,0.55388284
RP11-779O18.3,0.007995755,0.43911117,0.55289304
CHST6,0.24692264,0.20075408,0.5523233
RNF39,0.010584635,0.4416059,0.5478095
TPD52L2,0.014160824,0.43988568,0.54595345
LCA5L,0.13742727,0.31804642,0.5445263
HM13-AS1,0.033047095,0.42868674,0.5382662
RP11-370I10.6,0.008979034,0.4535306,0.53749037
MXRA7,0.19967549,0.2638318,0.5364927
RRAGA,0.023297787,0.44387496,0.53282726
RP11-216B9.6,0.07792453,0.39589173,0.5261837
RHOT2,0.13443722,0.33962083,0.52594197
C6orf48,0.10788117,0.3725058,0.519613
LRP4-AS1,0.021860719,0.46671814,0.51142114
RP5-890E16.2,0.03817158,0.45734882,0.5044796
ARHGEF26-AS1,0.039006297,0.45695192,0.5040418
CCNL2,0.031372674,0.46808875,0.5005386
PDDC1,0.11431562,0.3858164,0.499868
RP4-605O3.4,0.09925368,0.40604988,0.49469644
RP11-407N17.3,0.2126324,0.2985369,0.48883072
TMBIM6,0.031813662,0.47984266,0.48834366
PPP1R1C,0.027396755,0.48685595,0.48574725
ZNF100,0.3262765,0.19107912,0.48264435
KIAA1462,0.2155234,0.30472463,0.47975197
NT5DC2,0.022733737,0.49817646,0.47908983
RP11-464F9.21,0.06365415,0.4605686,0.47577727
DNAJC27-AS1,0.04631573,0.48098636,0.47269785
TRAF3IP3,0.048854854,0.48058185,0.47056332
IMMT,0.22467476,0.31352666,0.46179858
C22orf31,0.18884987,0.35435438,0.45679575
RP11-315D16.2,0.18534441,0.3594839,0.45517167
BDNF-AS,0.08300348,0.46347558,0.4535209
OR5T1,0.4257012,0.12741663,0.4468822
TMX2,0.025951976,0.5272366,0.4468114
NMB,0.06537104,0.49025142,0.44437754
RP11-166N17.1,0.053529732,0.5041336,0.4423367
NME9,0.107577,0.452443,0.43997997
RP11-355B11.2,0.055291343,0.50479037,0.4399183
HDLBP,0.06310081,0.49781978,0.43907934
RP11-981P6.1,0.045532145,0.5170307,0.43743718
OR5T2,0.3867354,0.17796108,0.43530354
C1orf116,0.012674705,0.5527735,0.4345518
SLX4IP,0.113735646,0.45196736,0.434297
MAS1L,0.2903623,0.2776044,0.43203333
DLEU2,0.055273917,0.51602817,0.42869788
RTN4,0.028611023,0.549022,0.42236695
C12orf65,0.051906087,0.5267105,0.42138338
RP1-239B22.5,0.097885795,0.482879,0.4192352
RP1-92O14.3,0.081557035,0.5016718,0.41677114
PLCXD2,0.04979508,0.53415215,0.41605276
AP000721.4,0.289081,0.29880014,0.4121189
OR51E1,0.088612504,0.5048867,0.40650082
BTNL2,0.45625135,0.13778462,0.40596405
PLA2G4B,0.15781315,0.43645313,0.4057338
HTRA1,0.041401915,0.556904,0.40169406
OR5T3,0.41164666,0.18685707,0.4014963
MIA2,0.357355,0.24289873,0.39974627
ENSA,0.037749574,0.5644364,0.39781407
RNASEH2C,0.052505963,0.55005276,0.39744127
LXN,0.09644896,0.50899357,0.3945575
C10orf32,0.21642604,0.39290413,0.39066982
RP11-600F24.7,0.09579121,0.51857144,0.38563734
RP11-192H23.4,0.09579121,0.51857144,0.38563734
RP11-788M5.3,0.043933075,0.5718879,0.384179
MGEA5,0.2579272,0.3602922,0.38178056
SCAMP2,0.15552783,0.46991795,0.37455416
RELT,0.29257354,0.33861187,0.36881462
ABO,0.20240383,0.42943674,0.3681594
UHRF1,0.037624113,0.5963807,0.36599517
C9orf37,0.18866053,0.4475517,0.36378777
HHIPL1,0.061775673,0.5765643,0.36165997
NR2F2-AS1,0.047336776,0.5916344,0.36102882
FAM46A,0.22610381,0.4130601,0.36083603
PLEKHJ1,0.05980854,0.5795501,0.36064136
RP11-339B21.8,0.023999402,0.6208981,0.35510248
TMEM42,0.014589388,0.6315702,0.3538404
COX5A,0.08082188,0.57737845,0.34179968
MANEAL,0.018568983,0.64009047,0.34134054
NAA40,0.08021268,0.5791537,0.34063357
PCDHA3,0.28527564,0.38058308,0.3341413
TXNDC5,0.07734546,0.58947366,0.33318084
BAIAP3,0.1843186,0.4852463,0.33043513
SUMF2,0.092013225,0.5781888,0.329798
TMEM44-AS1,0.110573,0.56048787,0.3289391
SLC25A15,0.06674533,0.6054569,0.32779777
PHC2,0.052461926,0.62009746,0.3274406
AC099535.4,0.013690359,0.66320837,0.32310128
PTPMT1,0.065750614,0.6169452,0.3173042
LAMB2,0.34383184,0.33913827,0.31702992
ARL6IP6,0.02788645,0.65513045,0.3169831
ZNF208,0.3412388,0.34535715,0.31340408
C1orf122,0.035408523,0.651553,0.3130385
SLC16A1-AS1,0.069949284,0.6200899,0.3099608
SLC17A2,0.011119735,0.67966574,0.30921453
CYP2C18,0.5739726,0.12878972,0.2972377
PLEKHO2,0.15407056,0.5488404,0.2970891
COBLL1,0.027323958,0.67792857,0.2947475
LETM2,0.46634567,0.23921023,0.29444414
C7orf50,0.1661967,0.53988576,0.29391757
NPPA-AS1,0.3633203,0.34300205,0.2936777
C1orf132,0.18906291,0.51810056,0.2928365
SH3BGR,0.46756986,0.24071683,0.2917133
MAMSTR,0.32967392,0.3788374,0.2914887
ZNF775,0.026859343,0.6834051,0.28973562
HIST1H4C,0.0348015,0.67591375,0.28928477
EFCAB4A,0.12598076,0.59428114,0.27973807
BMP8A,0.057060316,0.6638698,0.2790699
RP11-1055B8.7,0.21832037,0.504214,0.2774656
ASTL,0.3411134,0.383044,0.2758426
GPI,0.07008531,0.65516174,0.27475294
LY6G6F,0.23707893,0.4882559,0.27466518
C6orf89,0.15364628,0.57318354,0.2731702
FAM129B,0.13221365,0.5968976,0.27088872
FBXL19-AS1,0.062032044,0.6682634,0.26970458
ZNF318,0.15491205,0.5755712,0.2695168
RP3-512B11.3,0.54516345,0.18553603,0.26930052
BAG6,0.04887505,0.6826226,0.2685023
MRPL38,0.07659207,0.65540886,0.2679991
ID1,0.28848666,0.44359452,0.26791885
PI15,0.042323977,0.6897813,0.2678947
GIPC2,0.22104122,0.51411104,0.26484776
C6orf25,0.154566,0.5808559,0.26457807
TALDO1,0.13137741,0.60431343,0.2643092
RP11-107P7.5,0.12644428,0.6111632,0.26239252
RP1-62O9.3,0.12644428,0.6111632,0.26239252
RP11-89M16.1,0.12644428,0.6111632,0.26239252
RP11-359M6.3,0.12644428,0.6111632,0.26239252
RP11-1055B8.6,0.12644428,0.6111632,0.26239252
RP11-366O20.5,0.12644428,0.6111632,0.26239252
STK19P,0.12644428,0.6111632,0.26239252
RP11-33B1.2,0.12644428,0.6111632,0.26239252
RP3-323P13.2,0.12644428,0.6111632,0.26239252
LA16c-306E5.3,0.12644428,0.6111632,0.26239252
RP4-710M3.1,0.12644428,0.6111632,0.26239252
RP5-890O3.3,0.12644428,0.6111632,0.26239252
RP11-443K8.2,0.12644428,0.6111632,0.26239252
RP11-420K14.3,0.12644428,0.6111632,0.26239252
RP11-345K20.2,0.12644428,0.6111632,0.26239252
RP11-332H18.4,0.12644428,0.6111632,0.26239252
KB-1507C5.2,0.12644428,0.6111632,0.26239252
RP11-112H10.4,0.12644428,0.6111632,0.26239252
RP11-125B21.2,0.12644428,0.6111632,0.26239252
RP11-758M4.1,0.12644428,0.6111632,0.26239252
RP11-127H5.1,0.12644428,0.6111632,0.26239252
RP11-752L20.1,0.12644428,0.6111632,0.26239252
RP11-77K12.1,0.12644428,0.6111632,0.26239252
RP11-107P7.4,0.12644428,0.6111632,0.26239252
RP11-227P3.1,0.12644428,0.6111632,0.26239252
RP11-23D24.2,0.12644428,0.6111632,0.26239252
RP11-241I20.1,0.12644428,0.6111632,0.26239252
RP11-626A1.1,0.12644428,0.6111632,0.26239252
RP11-259G18.2,0.12644428,0.6111632,0.26239252
RP11-61G23.1,0.12644428,0.6111632,0.26239252
RP11-599B13.6,0.12644428,0.6111632,0.26239252
RP11-302M6.4,0.12644428,0.6111632,0.26239252
RP11-470E16.1,0.12644428,0.6111632,0.26239252
RP11-1072C15.3,0.12644428,0.6111632,0.26239252
RP11-321F6.1,0.12644428,0.6111632,0.26239252
RP11-434I12.2,0.12644428,0.6111632,0.26239252
RP11-400F19.8,0.12644428,0.6111632,0.26239252
AL645922.1,0.12644428,0.6111632,0.26239252
AC073072.6,0.12644428,0.6111632,0.26239252
AC074091.13,0.12644428,0.6111632,0.26239252
AC074008.1,0.12644428,0.6111632,0.26239252
CCDC79,0.12644428,0.6111632,0.26239252
ZNRD1-AS1,0.12644428,0.6111632,0.26239252
DKFZP779L1853,0.12644428,0.6111632,0.26239252
C10orf32-ASMT,0.12644428,0.6111632,0.26239252
AC016727.3,0.12644428,0.6111632,0.26239252
XXbac-BPG32J3.20,0.12644428,0.6111632,0.26239252
AC018720.10,0.12644428,0.6111632,0.26239252
TMEM194B,0.12644428,0.6111632,0.26239252
AC097495.2,0.12644428,0.6111632,0.26239252
AC069368.3,0.12644428,0.6111632,0.26239252
AC019100.3,0.12644428,0.6111632,0.26239252
AC022431.1,0.12644428,0.6111632,0.26239252
AC079767.3,0.12644428,0.6111632,0.26239252
AC022431.2,0.12644428,0.6111632,0.26239252
CTD-3064M3.1,0.12644428,0.6111632,0.26239252
AC093106.7,0.12644428,0.6111632,0.26239252
AC098831.4,0.12644428,0.6111632,0.26239252
AP000320.7,0.12644428,0.6111632,0.26239252
CTD-2349B8.1,0.12644428,0.6111632,0.26239252
AC091948.1,0.12644428,0.6111632,0.26239252
CELA2A,0.24434398,0.49341664,0.26223934
NACA,0.15957896,0.5784252,0.2619958
MILR1,0.061788816,0.6765035,0.2617077
NICN1,0.07884772,0.6595433,0.261609
PCDHA2,0.2357812,0.5031014,0.26111746
CALML6,0.056846924,0.6839134,0.2592397
HSPA1B,0.037712947,0.7038624,0.25842464
NOLC1,0.07660558,0.66603225,0.2573621
CRIP3,0.02767653,0.71688175,0.25544178
TMEM91,0.042943228,0.7016992,0.25535756
CCDC141,0.57605636,0.16934766,0.25459602
SLC35E2,0.022355461,0.72518367,0.25246084
LSMD1,0.40140867,0.34629592,0.2522954
RP11-33B1.1,0.20540677,0.5446001,0.2499931
LRRC61,0.026881797,0.72331893,0.24979931
RP11-373N22.3,0.060868494,0.6903717,0.2487598
CD151,0.3699493,0.38133073,0.24871996
EFS,0.33905637,0.41528454,0.24565904
AHSA2,0.13214928,0.6252717,0.24257901
PRADC1,0.10638277,0.651537,0.24208023
NOL12,0.05904482,0.69941217,0.24154307
PCDHA7,0.017183727,0.74212265,0.24069357
PLD3,0.0375435,0.7227284,0.23972812
PDP2,0.033318568,0.7282541,0.23842737
CCDC163P,0.45154214,0.31121054,0.23724729
PCOLCE2,0.13323572,0.6317842,0.23498009
C1orf172,0.22394805,0.54166496,0.234387
DNAJC9-AS1,0.11665574,0.6531641,0.23018014
C10orf76,0.25912932,0.5110164,0.22985427
PRSS50,0.30362907,0.46660444,0.22976647
GATSL3,0.23188174,0.539323,0.22879526
FHL5,0.20670499,0.5656889,0.22760612
ZNF502,0.15299104,0.6233216,0.22368738
FBXO36,0.3585166,0.41854945,0.222934
FCN3,0.44889805,0.32891777,0.22218415
PCDHA6,0.19132364,0.58800465,0.22067168
TMEM107,0.13313766,0.64701277,0.2198496
MXRA8,0.11312155,0.6690195,0.21785891
ZNRD1,0.33706632,0.4456272,0.21730646
MRPL35,0.11657167,0.6700604,0.21336797
KLB,0.028786521,0.75821155,0.2130019
UGP2,0.43230873,0.35737985,0.21031138
FAM46B,0.57761943,0.2125349,0.20984562
MLF1,0.39387494,0.40370262,0.20242247
ACAP3,0.06270019,0.7352318,0.20206806
DFNA5,0.52700216,0.27259693,0.20040092
ECM2,0.3286978,0.47129726,0.2000049
UQCR10,0.028840566,0.7719519,0.19920751
NDRG4,0.056999475,0.745659,0.19734152
GPD1,0.44172505,0.36102423,0.19725066
RP11-750H9.5,0.06501108,0.73830307,0.1966859
CCDC181,0.36479917,0.44031265,0.19488822
ZNF408,0.17598614,0.62932324,0.19469064
RP11-69E11.4,0.07981892,0.7263845,0.19379659
ARL15,0.0997792,0.7078198,0.1924009
ZMYND12,0.05152394,0.7567183,0.19175775
FAM92A1P1,0.090423055,0.71823674,0.19134018
PRSS16,0.03799429,0.7711596,0.19084609
AOC4P,0.023777401,0.7860472,0.1901754
FAM174B,0.02365248,0.7869918,0.18935573
CEP68,0.08454868,0.72621554,0.18923578
AP006621.5,0.0778362,0.7331812,0.18898262
CTBP1-AS2,0.1333734,0.6778096,0.18881705
UVSSA,0.3325009,0.47938085,0.18811823
BAG3,0.25203902,0.5632049,0.18475614
DPY19L2P4,0.018213697,0.7978282,0.18395813
MPDU1,0.31718764,0.49995393,0.18285838
FUT10,0.38413623,0.43311247,0.18275133
CCNT2-AS1,0.06626699,0.7525659,0.18116707
C10orf107,0.5624062,0.256712,0.18088184
ULK3,0.05169629,0.76803744,0.18026622
LSP1,0.10787922,0.71318364,0.17893717
YRDC,0.3054233,0.5184214,0.17615531
PSMD5-AS1,0.10701081,0.71769124,0.17529792
PRDX1,0.22655761,0.5982978,0.17514463
RP11-158M2.4,0.01288914,0.812314,0.17479686
COX4I2,0.2422495,0.5842775,0.173473
MMACHC,0.36332807,0.46541342,0.17125855
AC007796.1,0.012168022,0.81865615,0.16917583
ARHGAP1,0.17708199,0.6543463,0.16857174
CCDC65,0.4683616,0.3650925,0.16654591
LINC01006,0.08312354,0.75127405,0.16560239
RP11-284M14.1,0.04030378,0.7949811,0.16471513
SMEK2,0.11476693,0.7214506,0.1637824
LOH12CR1,0.32814175,0.5082443,0.16361399
REEP3,0.12589207,0.710723,0.1633849
GAB2,0.15967165,0.67705387,0.1632745
SIDT2,0.06312791,0.77374876,0.1631233
RP11-180C16.1,0.020508382,0.81691855,0.16257304
CDYL2,0.034230366,0.8032014,0.16256823
GIMAP4,0.23703891,0.60111433,0.1618468
DNAJC12,0.035740178,0.8024752,0.16178457
ODF2L,0.29002628,0.550645,0.15932877
HIVEP3,0.035326958,0.8069679,0.15770514
KIAA1143,0.11342222,0.7291569,0.15742092
ADAMTS8,0.121305026,0.7226748,0.15602022
SYNPO2L,0.14566296,0.6985299,0.15580715
TLN1,0.26474902,0.58073145,0.15451956
ANXA7,0.34558496,0.50144315,0.15297188
AC010504.2,0.06437537,0.78365326,0.1519713
PMS2P3,0.022379398,0.8274253,0.15019535
ICA1L,0.014769233,0.83515793,0.15007284
GEM,0.14082937,0.70910543,0.1500652
ASB13,0.033204496,0.81826323,0.14853224
FAM208B,0.14483891,0.707054,0.14810708
SPC24,0.055354733,0.7965884,0.14805682
REXO1,0.030590653,0.82174647,0.14766288
ODF2,0.097442575,0.7557808,0.14677663
CLIC1,0.12737869,0.72585255,0.1467688
CSNK2B,0.02029121,0.8340073,0.14570151
MSS51,0.22463587,0.63163984,0.1437243
THADA,0.35941243,0.4972247,0.14336282
HLA-U,0.07732287,0.78206134,0.14061576
DNAJC27,0.051607966,0.8078621,0.14052999
DGKB,0.041280784,0.8182957,0.1404235
CYP2W1,0.08954434,0.77008045,0.14037526
CHST9,0.4493515,0.41270953,0.13793899
RIMKLA,0.06569983,0.79666847,0.13763176
FBXO17,0.42092475,0.4418016,0.13727364
BCL7C,0.09396226,0.7704317,0.13560604
TRHR,0.024491273,0.84050834,0.13500041
RP11-455F5.3,0.049126953,0.81599927,0.13487378
THAP3,0.39909098,0.4666037,0.13430533
CTAGE5,0.07551976,0.79065293,0.13382733
AQP11,0.02632071,0.83996457,0.13371469
KANK2,0.3074885,0.5591783,0.13333318
RGL3,0.1281781,0.73868084,0.13314103
RP11-27I1.6,0.012051869,0.85529774,0.13265036
AC005592.2,0.012051869,0.85529774,0.13265036
HAX1,0.06899437,0.7994025,0.13160314
MIEF2,0.0944487,0.77446413,0.13108717
CYP20A1,0.41731402,0.4545992,0.12808673
AKR1B10,0.39968726,0.4726657,0.12764698
TTLL6,0.6215077,0.25134674,0.12714557
RP11-82K18.2,0.029978951,0.84329313,0.12672788
LMO1,0.02911428,0.84548205,0.1254037
TPM2,0.11098278,0.7636199,0.12539737
CYP21A1P,0.05419671,0.82079524,0.125008
GPR157,0.5238887,0.35134563,0.12476563
MRC2,0.24865708,0.62779415,0.1235488
NASP,0.03842786,0.83867913,0.12289302
MARK3,0.3376646,0.54142034,0.12091507
RNF115,0.037957232,0.8416712,0.12037152
IK,0.095889546,0.783894,0.12021648
CTD-2260A17.2,0.062423754,0.81821233,0.11936392
PRKAG1,0.3329109,0.5484693,0.1186198
SPIB,0.034582675,0.8471627,0.11825459
KLHL2P1,0.019787082,0.8632922,0.11692064
TMEM69,0.4276219,0.457235,0.11514305
TBXAS1,0.34298754,0.5419503,0.115062185
SYT8,0.6583814,0.22674957,0.11486904
BCAP29,0.08715998,0.79874426,0.114095785
NME2P1,0.013790275,0.87249696,0.113712795
ZFAT,0.12261642,0.76397896,0.113404684
DKFZP761J1410,0.19500431,0.6922182,0.112777494
DAZAP1,0.041065052,0.84825623,0.11067869
CCT7,0.09362952,0.79630923,0.110061266
PABPC4,0.12722585,0.76277184,0.11000225
CDH16,0.8598671,0.030405786,0.109727085
MALRD1,0.07180355,0.81856513,0.109631315
CPLX3,0.07142112,0.8190133,0.10956552
PPRC1,0.26448336,0.6263765,0.10914009
KANK3,0.20241714,0.6888565,0.10872635
HYI-AS1,0.020554971,0.8710236,0.10842147
CKB,0.09570766,0.7962512,0.10804121
JUP,0.69344985,0.19859359,0.10795655
VWA8,0.19131573,0.7009019,0.10778238
IGFBP7,0.055375554,0.8375949,0.10702948
JMJD1C-AS1,0.02001255,0.8731292,0.10685824
SAPCD1,0.32140735,0.5724856,0.10610705
RPL7,0.113481715,0.78060067,0.10591764
CYR61,0.21234576,0.68252885,0.10512536
ST7L,0.0535618,0.8430753,0.10336296
AXDND1,0.7207872,0.17661698,0.10259584
RP4-758J18.2,0.3312164,0.5662042,0.10257942
SNRNP70,0.09441703,0.80300695,0.10257601
RAB24,0.026987841,0.87094563,0.10206648
ATP5B,0.08910849,0.80921084,0.10168066
VARS,0.16316903,0.7358265,0.10100451
EIF4A1,0.09247584,0.807057,0.10046709
RP11-111M22.2,0.017134776,0.8828466,0.10001859
LCORL,0.073031306,0.8273391,0.09962959
CCDC30,0.64534736,0.25583684,0.098815806
ANKRD36C,0.05941252,0.8418371,0.09875036
CR1L,0.79186565,0.10957388,0.0985605
SORBS3,0.19617815,0.70553917,0.09828269
SEC31A,0.07549801,0.82624716,0.09825484
HOXA6,0.029180098,0.8728271,0.09799276
SNRPD2,0.046568383,0.8556144,0.09781716
MFSD6,0.3580778,0.5443137,0.09760846
WDR1,0.26913986,0.633647,0.097213104
OMD,0.18017052,0.72333056,0.096498884
UBE2D3,0.035205085,0.8689124,0.095882535
CALCOCO1,0.07350887,0.83083427,0.095656805
SLC9B1,0.24787463,0.6566366,0.09548879
SENP7,0.37704694,0.5275579,0.09539514
TMEM44,0.54499525,0.35983998,0.095164776
RRAS,0.46657094,0.43865594,0.09477307
MORF4L1,0.11334499,0.7921899,0.0944651
SLC25A26,0.28692675,0.6192818,0.09379146
SARNP,0.034407824,0.871881,0.09371117
TBC1D12,0.18343714,0.72286993,0.09369292
HIBADH,0.11342882,0.7930645,0.09350665
HARS2,0.21673897,0.69181144,0.09144964
TMEM229B,0.018091591,0.89074093,0.09116744
ASCC2,0.23785964,0.67126167,0.09087875
SPON2,0.1505323,0.75875694,0.09071076
COL6A1,0.07144976,0.83808744,0.09046285
AC007969.5,0.61140597,0.29854643,0.09004758
GNB1,0.04327152,0.8667672,0.089961216
PCDHA5,0.011428887,0.89928734,0.08928376
CHTF8,0.10115785,0.8100964,0.088745795
TPTE2P5,0.032171376,0.8795048,0.08832375
RPL24,0.17230715,0.74070394,0.08698887
PDGFRL,0.20390967,0.70917934,0.086910956
DYNC1LI2,0.061568644,0.85221267,0.08621865
BLK,0.05946642,0.854732,0.085801594
ARAP2,0.27362877,0.6407212,0.085650034
SH3TC2,0.5403374,0.37405643,0.085606165
ATP8B4,0.5970495,0.31826156,0.084688924
NAA60,0.039048817,0.8763115,0.08463976
ASXL3,0.31950617,0.5959092,0.08458466
PRPF40B,0.18207604,0.73350936,0.084414646
CTD-2342J14.6,0.03140492,0.8843531,0.084241964
CYP27A1,0.23004597,0.68582696,0.08412711
C1QTNF4,0.030940335,0.8853264,0.08373328
CCDC43,0.28899884,0.62736315,0.08363804
CYBRD1,0.045292895,0.871116,0.0835911
ATP8B3,0.5195395,0.39691466,0.08354584
RBM47,0.04326802,0.873389,0.08334293
TM6SF1,0.44337732,0.47382948,0.08279322
NOL8,0.22045481,0.69708943,0.082455784
XRCC6,0.07193807,0.84568584,0.08237613
LRRC10,0.5399053,0.378016,0.08207866
NUDT13,0.09827039,0.81997514,0.081754476
RAB34,0.20505479,0.71339595,0.081549294
TBR1,0.08029157,0.8383898,0.08131863
NFKBIA,0.022864286,0.8960374,0.08109828
RPS7,0.03045703,0.8885306,0.08101237
ACMSD,0.052679107,0.86676794,0.08055299
SNX11,0.09281119,0.82668203,0.080506764
NFE2L1,0.022682648,0.8968634,0.08045402
PEPD,0.12452261,0.79580927,0.07966812
WDPCP,0.6614837,0.25909862,0.07941771
CPXM1,0.19651043,0.72469604,0.07879356
LTBP4,0.7244322,0.19677606,0.078791775
DUS4L,0.13562311,0.78600895,0.07836792
ATF6B,0.19412215,0.7277708,0.07810708
CTD-2184C24.2,0.011539159,0.9109365,0.07752443
DDX5,0.023546476,0.8992649,0.07718869
NUDC,0.03991213,0.88301766,0.07707017
DYNLRB1,0.03542887,0.8876604,0.076910734
MAEA,0.04722193,0.87609893,0.07667908
RHOA,0.030602237,0.8927669,0.076630935
CLCA2,0.6762353,0.24721555,0.07654914
NEBL,0.534516,0.3889954,0.076488644
MRPL10,0.072551556,0.85152984,0.07591857
RP1-178F10.1,0.024864217,0.8997903,0.0753455
AZIN1,0.080996186,0.84385616,0.07514762
ARL17B,0.010998632,0.91413724,0.07486416
CENPE,0.017156146,0.90835327,0.07449062
CCDC157,0.6207959,0.30476898,0.07443514
ECD,0.5104243,0.41522366,0.074352026
SSPO,0.03517706,0.8905052,0.07431769
QTRT1,0.21378633,0.712308,0.0739057
PROCR,0.1171211,0.8093095,0.07356938
DMRTA2,0.015075461,0.9113921,0.07353243
WDR55,0.2477943,0.6791547,0.07305095
ZNF672,0.080122665,0.84699994,0.07287736
CIRH1A,0.3515043,0.57563156,0.07286414
CHAC1,0.44762558,0.47980502,0.07256939
TRIM29,0.036203723,0.8920671,0.07172925
MFSD1,0.121908836,0.8064457,0.071645476
USP50,0.6976443,0.23086838,0.07148732
TEX14,0.53666127,0.39223537,0.07110334
DCDC1,0.19052821,0.7388442,0.07062762
TNS1,0.11637103,0.8131374,0.07049156
TSKU,0.031360596,0.89818543,0.07045401
QSOX1,0.25811532,0.6714618,0.07042285
EFHB,0.7802367,0.14960156,0.070161775
UBD,0.019850556,0.910318,0.06983141
GLTPD1,0.45948347,0.4707244,0.06979216
UBAP1,0.039709743,0.89057565,0.06971464
AL022341.3,0.03132074,0.89919037,0.06948893
MRPL23-AS1,0.016821992,0.91401625,0.069161765
RP4-584D14.5,0.016821992,0.91401625,0.069161765
CCDC77,0.54068816,0.3901964,0.06911541
AGBL2,0.8186597,0.11256875,0.0687715
NCR3LG1,0.22155884,0.70987195,0.0685692
KANSL3,0.04520691,0.886375,0.06841805
NDUFAF6,0.4141285,0.51802576,0.06784573
AKR1A1,0.08468644,0.847797,0.06751655
CENPP,0.043373156,0.8893539,0.06727303
FAM13A,0.20257908,0.7304361,0.06698477
UPF3A,0.29685515,0.6362003,0.06694454
WDR73,0.46273738,0.4703727,0.06688992
VCL,0.35415265,0.57918906,0.06665829
REPIN1,0.10057949,0.8328655,0.06655501
RPS27P25,0.014443747,0.91933405,0.06622218
LRRC10B,0.020375041,0.91350514,0.06611986
ELP5,0.57802904,0.35591817,0.06605277
CEP76,0.05582,0.87842196,0.065758094
SIRT4,0.64445645,0.29001343,0.06553012
WDR90,0.4363152,0.49839577,0.06528902
HARS,0.17538042,0.75948834,0.06513128
FAM171A2,0.019144632,0.91587317,0.06498219
WHSC1L1,0.5533572,0.3818956,0.064747214
IPP,0.13202585,0.8037582,0.06421596
HOXB3,0.02860996,0.9072668,0.064123206
B9D1,0.04293958,0.89302117,0.06403917
ZNF467,0.1213753,0.81496656,0.06365815
UBAP2L,0.3754884,0.5609586,0.063553
SRRT,0.07454741,0.86209595,0.06335671
PIEZO2,0.04176377,0.89518744,0.06304879
HAUS8,0.13933098,0.7980046,0.062664375
DVL1,0.1295172,0.808193,0.062289782
KLLN,0.016644562,0.92112714,0.062228344
WAC,0.11498433,0.8229506,0.062065046
MRPS31,0.50138503,0.436725,0.061889984
AC093388.3,0.041560415,0.8968266,0.061612967
ATG13,0.018461674,0.9202463,0.06129206
SLC24A3,0.056731056,0.88207227,0.061196703
BANK1,0.831471,0.1078021,0.060726877
PLEC,0.6437732,0.2959306,0.060296237
UBXN2A,0.7931224,0.14705499,0.059822645
IRAK1BP1,0.3685864,0.5716507,0.05976289
GSS,0.05047116,0.8900924,0.059436463
KLF2,0.6876762,0.25290424,0.059419516
CD46,0.378273,0.56236136,0.059365597
PROM1,0.6481443,0.2936627,0.058192953
FER1L5,0.026097547,0.9160894,0.057813
NRG4,0.014394547,0.92782676,0.05777863
PPIEL,0.04255011,0.8998154,0.05763449
CCDC17,0.87692153,0.06572468,0.05735379
TPSP2,0.013605427,0.9292326,0.05716205
RP1-159A19.4,0.02250957,0.9206976,0.056792796
FBN2,0.25043318,0.6928241,0.056742694
RILPL2,0.044725318,0.8986907,0.056584008
TFG,0.12491462,0.81889707,0.056188323
LRP1,0.80664855,0.13749777,0.05585363
ASPN,0.20431755,0.73991174,0.055770725
QRICH1,0.19567758,0.74860555,0.055716883
NPW,0.014098107,0.9302254,0.055676483
FRK,0.69512707,0.24945343,0.055419516
TNRC6A,0.1957585,0.74896777,0.055273734
STEAP1,0.08934849,0.8555701,0.055081442
PDLIM5,0.52766687,0.41738054,0.0549526
MPP6,0.18627673,0.75893736,0.054785963
BAZ2A,0.36350223,0.5817854,0.05471237
POGZ,0.19372079,0.75158083,0.054698367
CHD3,0.19372079,0.75158083,0.054698367
SPAG5,0.09966273,0.8457415,0.05459576
ISYNA1,0.03545392,0.9102555,0.054290533
AGPAT1,0.16472453,0.78124064,0.05403484
FUT2,0.68034637,0.26634943,0.053304184
PRDM11,0.19388057,0.75287354,0.053245872
MYBPC2,0.5641969,0.38260177,0.05320132
SLC22A4,0.17269693,0.77419305,0.053110015
BCKDHB,0.23294027,0.71395624,0.05310349
NCOR2,0.26691797,0.6800607,0.053021338
TRPC4AP,0.16104881,0.7861577,0.052793447
LPXN,0.049619213,0.8979149,0.05246592
HLA-DQB1,0.06522796,0.88253,0.05224211
CFDP1,0.03809612,0.9096735,0.052230332
DACH1,0.09025346,0.8576216,0.05212493
CSPG5,0.043427065,0.90456885,0.05200405
PPAPDC1B,0.511074,0.4371875,0.0517385
ATP10A,0.042899866,0.9055092,0.05159096
SLC22A3,0.3063324,0.6425162,0.0511514
RNF13,0.08025062,0.86876106,0.050988376
FOLH1,0.6288752,0.32018226,0.05094251
PBX3,0.26777068,0.681627,0.050602373
PCDHA4,0.8274253,0.12251121,0.05006355
AKAP2,0.09500016,0.8550282,0.0499717
CCDC68,0.7536199,0.19654167,0.04983841
LRCH1,0.24748175,0.7028129,0.049705405
SLC25A22,0.014851831,0.93602175,0.049126394
SLC17A3,0.6457973,0.30509502,0.049107675
KLHL38,0.6389333,0.31198305,0.0490836
CBWD1,0.028353427,0.92262137,0.04902524
NOV,0.36562482,0.58541876,0.04895642
CARF,0.18488817,0.7664836,0.04862822
CDH13,0.6732343,0.2782635,0.048502263
SRL,0.63697624,0.31468454,0.04833927
RNF207,0.057181966,0.894601,0.048217066
MCRS1,0.4571167,0.49486762,0.048015676
PFN2,0.1445421,0.8075447,0.047913212
SRSF4,0.10669583,0.8454784,0.04782568
SPTBN4,0.03588708,0.91631126,0.04780164
TMEM200B,0.102472864,0.84979856,0.047728557
MRPS16,0.2580535,0.6943247,0.047621775
HSF2BP,0.21444926,0.73800594,0.047544785
SLC2A9,0.6667159,0.28627208,0.047011994
IST1,0.20359161,0.74949646,0.046911906
HSPB7,0.48414868,0.4692161,0.046635248
RDH10,0.5204758,0.4329223,0.046601936
ZNF341,0.035082553,0.9185097,0.046407722
BNC2,0.066361286,0.88757324,0.04606549
DNAJA3,0.14567976,0.80836624,0.045953963
PCDHA1,0.16531244,0.78906536,0.04562225
ZNF831,0.7864493,0.16798547,0.045565218
APOH,0.6771736,0.27735403,0.045472357
DCBLD1,0.03068043,0.92386997,0.045449648
C11orf31,0.6133364,0.34128442,0.04537921
TTC39A,0.12228312,0.8324464,0.045270536
ZMAT2,0.053940076,0.9009958,0.04506414
RNF11,0.21085177,0.7441374,0.045010805
HEXIM2,0.022158131,0.9329469,0.044894937
PRKAG2,0.46984762,0.48535776,0.044794664
PRELID1,0.052892603,0.9024753,0.044632114
FBXO41,0.015826136,0.9396002,0.044573624
GPR128,0.73546,0.22013116,0.04440889
FXR2,0.030772667,0.92491966,0.044307634
ZNF516,0.033437096,0.9224129,0.044150047
TFAP2D,0.024051731,0.9320432,0.043905094
INTS4,0.109832846,0.84635884,0.043808322
NXPE3,0.11387731,0.8428384,0.043284245
ZBTB26,0.048411373,0.90844464,0.043144
C11orf30,0.4422073,0.51471585,0.043076824
PTPRD,0.3486518,0.60838664,0.042961583
SUPT6H,0.44287804,0.5142945,0.042827472
PSMG2,0.18714939,0.7705377,0.042312916
TDRD5,0.033944733,0.92375386,0.042301364
CLIC4,0.47436738,0.4833989,0.042233698
CNNM2,0.08130242,0.8764686,0.042229008
PHLDB2,0.08722832,0.8705436,0.04222806
FMNL3,0.22960398,0.7283521,0.042043842
ARMC4,0.32412088,0.63395566,0.041923434
RAPSN,0.01100662,0.9471195,0.041873913
ATP13A1,0.050854985,0.90742826,0.041716706
FAM188B,0.60887456,0.34942415,0.041701306
ATAD5,0.10778743,0.850805,0.041407593
PKHD1,0.6218403,0.33703628,0.041123442
SLC26A7,0.28775668,0.67114145,0.04110193
ZNF827,0.19335109,0.7658694,0.040779553
AC053503.11,0.030480746,0.9288393,0.040679906
GLIS3,0.048492316,0.9109167,0.040590975
CDKL1,0.038877003,0.92057127,0.04055176
FRMD3,0.30685207,0.65260917,0.040538814
PPP2R2D,0.1264089,0.8331067,0.04048444
ZCRB1,0.19456214,0.7649558,0.040482033
PPP2R4,0.11309694,0.8464933,0.040409748
HOXB7,0.015797088,0.94400907,0.040193807
SVEP1,0.7236427,0.23635332,0.040003955
ZBTB20,0.12392451,0.83610475,0.03997071
RALGAPA1,0.38367012,0.57662094,0.039708946
DND1,0.14259703,0.81804127,0.039361686
CARS2,0.18817641,0.77285004,0.038973577
BTBD1,0.7142178,0.2468402,0.038942046
UQCC1,0.13727102,0.8238098,0.03891917
GBF1,0.17754072,0.7836558,0.038803417
THSD7B,0.025835857,0.93551517,0.038648974
EHBP1L1,0.16834514,0.79339474,0.038260084
LRP4,0.2988627,0.66292596,0.038211323
DHX30,0.6136288,0.34821808,0.03815309
SNTG1,0.027085502,0.93476266,0.038151827
MRPL20,0.2795538,0.6825247,0.0379215
CLN8,0.24953444,0.712762,0.037703563
ICMT,0.053152394,0.9096308,0.03721678
DNM2,0.37838718,0.58461577,0.03699712
MANBA,0.3422586,0.62078047,0.0369609
MBNL2,0.21680522,0.74670535,0.03648946
MPI,0.23926058,0.7242993,0.036440093
CLDN7,0.02278403,0.94160336,0.03561262
SLC26A4,0.5561234,0.40841487,0.035461757
FOSL2,0.16721207,0.7973891,0.03539881
SLC35F1,0.014624917,0.9499777,0.035397433
OGFOD2,0.2196859,0.745036,0.035278067
RABEPK,0.13693897,0.82786584,0.03519522
HOMEZ,0.17342384,0.79154074,0.035035368
TMEM170A,0.8502271,0.11475661,0.035016276
KLHL25,0.7299591,0.23502918,0.03501178
ZNRF3,0.2093274,0.7557182,0.034954417
ADORA1,0.3205933,0.64448804,0.034918644
GPBP1L1,0.06783159,0.8975105,0.034657944
DNM3,0.025017856,0.94034857,0.03463354
CCBL2,0.47877052,0.48663363,0.034595832
TSNARE1,0.7855359,0.18015935,0.03430479
SF3A2,0.21627514,0.7495442,0.03418061
SPEG,0.36446264,0.6013622,0.034175135
RERE,0.7029189,0.26301965,0.034061447
RPL17P50,0.058043417,0.9080347,0.033921935
CCDC66,0.35561255,0.61053747,0.03385001
ABCC8,0.14743581,0.81882894,0.033735264
CTNND1,0.19232586,0.77397156,0.033702582
CMSS1,0.15906864,0.8072708,0.033660527
BTBD3,0.14150159,0.8248695,0.033628877
CLPB,0.119169086,0.84723246,0.033598434
YKT6,0.09244814,0.8740144,0.03353748
FURIN,0.32758173,0.6389015,0.03351679
BAG4,0.19998886,0.7665404,0.033470724
EEPD1,0.10117995,0.8655176,0.033302438
POM121C,0.09391358,0.87294275,0.033143677
LY6G5B,0.8571033,0.10978734,0.033109345
FNBP4,0.28800237,0.6790939,0.032903727
UBE2E3,0.16094966,0.8062132,0.032837156
THAP9,0.7548289,0.21247028,0.03270081
SUPT7L,0.03907606,0.92825264,0.03267133
HOXA3,0.035968922,0.93169004,0.03234103
LAMC1,0.80402607,0.1636769,0.032297008
AFAP1,0.22007453,0.7477035,0.032221954
SCAI,0.0473382,0.9205147,0.03214708
BSN,0.15574719,0.8122013,0.032051433
MED8,0.07056096,0.8975368,0.031902254
FBF1,0.48449537,0.48419937,0.031305254
AHRR,0.05653427,0.91216594,0.031299807
NPHS2,0.04668975,0.9221833,0.031127002
OSBPL7,0.07958296,0.88942677,0.030990265
TMEM87B,0.47645086,0.49263912,0.03090996
LSM2,0.24872729,0.72047645,0.030796267
SLC39A12,0.15998857,0.8092225,0.03078892
CCT6B,0.036696494,0.9325864,0.030717162
S100A2,0.14290595,0.8265443,0.03054974
S1PR2,0.2416926,0.7278299,0.03047756
SGSM3,0.14902018,0.8205685,0.030411284
USP36,0.46806625,0.501575,0.030358778
MBD5,0.102442496,0.86733747,0.030219968
STK36,0.16335975,0.80646247,0.03017782
RELA,0.67049974,0.29934177,0.030158522
FGF8,0.033997618,0.9358815,0.030120881
FGFR1,0.11162512,0.8582719,0.030102974
HYI,0.4141746,0.55583626,0.029989175
GDF5,0.039772972,0.9304874,0.029739665
CPT1C,0.13757615,0.83283657,0.029587321
GDI2,0.1779216,0.7925627,0.029515695
PALLD,0.26369622,0.7068363,0.029467512
MTCH2,0.07119998,0.89934945,0.02945059
FUBP1,0.3707433,0.59981966,0.029437056
KLHL42,0.18057032,0.7900117,0.029417971
KANK1,0.06727067,0.9033539,0.029375432
GPATCH8,0.20354915,0.76708513,0.029365748
SKI,0.6518296,0.31885165,0.029318754
POLG2,0.43778443,0.5329402,0.029275391
HDAC9,0.043083463,0.9276588,0.029257711
HOMER2,0.031766336,0.93898654,0.029247124
MPHOSPH9,0.32087642,0.649915,0.029208573
HDAC7,0.72790545,0.24290588,0.029188694
SCAF1,0.031576794,0.9393167,0.029106582
RSBN1L,0.028269809,0.9427454,0.028984802
FN1,0.56354916,0.40749827,0.028952545
DGKH,0.25889647,0.7121638,0.02893972
CLNS1A,0.13517615,0.8359125,0.028911348
ZCCHC2,0.020296456,0.95097744,0.028726151
EPN2,0.44295058,0.5284946,0.028554846
PLXNB2,0.059721325,0.91179895,0.028479658
CCT2,0.050764725,0.9207768,0.028458538
PRKD3,0.23013876,0.74159217,0.02826907
ARHGAP24,0.19643155,0.7753222,0.028246194
KIF26A,0.1525383,0.81926566,0.028195977
WNT3A,0.04518317,0.92667,0.028146796
SDCCAG8,0.4740522,0.49785873,0.02808909
LDB1,0.058687147,0.9133264,0.027986486
DGKZ,0.058687147,0.9133264,0.027986486
RNF126,0.050455637,0.92158777,0.027956571
PLXDC2,0.07185168,0.9002755,0.02787278
SWAP70,0.1327924,0.83937305,0.02783448
CCT6A,0.04116178,0.9310497,0.027788546
FBXO38,0.46459362,0.5077335,0.027672885
SLC22A5,0.49327388,0.47912067,0.027605422
ATP12A,0.70442736,0.2679688,0.027603813
MLTK,0.5193309,0.45325714,0.027411977
HIST1H2AC,0.04945703,0.9232747,0.027268272
ZNF385B,0.47588626,0.4969478,0.027165951
USP35,0.16038206,0.81250817,0.027109783
STK25,0.067839496,0.905116,0.027044464
SSBP4,0.029190311,0.94390297,0.026906786
ZC3H7B,0.029190311,0.94390297,0.026906786
ADK,0.3580803,0.6150512,0.02686847
LMAN1L,0.7039686,0.26919317,0.026838284
RHBDD1,0.80350935,0.1696608,0.026829872
TTI2,0.10588428,0.8672879,0.026827812
TRNAU1AP,0.24703798,0.72623074,0.026731241
PPCS,0.069782846,0.9035458,0.02667137
FKBPL,0.45525947,0.5181331,0.026607415
PPAP2B,0.050092563,0.923355,0.026552482
ARRDC1,0.2853808,0.6880886,0.026530577
ZFAND2A,0.8377402,0.13590242,0.026357433
MLIP,0.850626,0.123109765,0.026264267
PXMP4,0.10741058,0.8664223,0.026167154
PCDH18,0.32417163,0.6497419,0.02608644
MAP2K2,0.107367195,0.86663705,0.025995782
ERAP1,0.56147504,0.41262993,0.025895009
EDEM2,0.2785482,0.69564474,0.025807064
S100A4,0.092794515,0.8814436,0.025761927
SMOC2,0.281265,0.69303155,0.025703426
BNC1,0.020647323,0.9536563,0.025696317
UBA2,0.48749503,0.4868264,0.025678558
CEP120,0.32195497,0.65240467,0.025640406
BRMS1L,0.06863054,0.9057318,0.025637679
ZNF462,0.3392163,0.6352278,0.025555883
NPNT,0.08333497,0.89122784,0.025437195
HIST1H2BC,0.019180154,0.9553956,0.025424289
CCNE1,0.038649518,0.9359689,0.025381569
HOXC4,0.00987847,0.9647727,0.025348874
SETD8,0.17845596,0.7962105,0.025333535
PHKG1,0.38892472,0.58576375,0.02531151
SLC25A37,0.062266365,0.91244006,0.025293544
C11orf49,0.35758445,0.61712784,0.025287751
FKBP10,0.110071726,0.8647399,0.025188368
L2HGDH,0.051495958,0.9234929,0.02501109
ARHGEF17,0.15203705,0.8230039,0.024959069
EPM2AIP1,0.07686205,0.89822227,0.024915662
SLC22A17,0.018698016,0.95649743,0.024804533
KLF7,0.17027467,0.80492777,0.024797538
ACTA2,0.81560725,0.15961434,0.024778372
C2orf43,0.74898547,0.22632298,0.024691533
FAM219B,0.40264878,0.5727275,0.024623707
MGA,0.16861914,0.8069454,0.024435474
CSNK1G3,0.29310355,0.68247867,0.024417814
DNAJC9,0.10511291,0.8705132,0.024373956
TMEM131,0.42582172,0.5499905,0.024187837
DENND2A,0.16699524,0.8089126,0.02409217
HGFAC,0.06545541,0.9105205,0.024024086
RBMS1,0.29512852,0.68086565,0.024005862
MAPKBP1,0.12450857,0.8514858,0.02400562
PHTF2,0.06809409,0.9079356,0.023970231
PLIN2,0.32089725,0.6551562,0.023946613
CREB3L1,0.1191634,0.85690063,0.023935944
MAST4,0.069427274,0.9066368,0.02393594
ARHGAP42,0.4757122,0.5004112,0.023876617
VWA7,0.046106998,0.9300771,0.023815898
HIST1H2BK,0.08701512,0.8892137,0.02377122
PHIP,0.344465,0.6319068,0.023628209
ZNF638,0.17304987,0.8033322,0.023617871
BLZF1,0.18714644,0.78940153,0.023452042
BEND7,0.015665164,0.960897,0.023437833
TMEM108,0.20921697,0.76735574,0.023427289
NOB1,0.3814514,0.5951293,0.023419332
AGBL4,0.20349596,0.7731092,0.023394896
RGS17,0.013291701,0.9633473,0.023360929
FAM149B1,0.27863804,0.6980298,0.02333221
OBFC1,0.35656357,0.6201089,0.023327528
CSRP3,0.8936052,0.083113514,0.023281308
CISD2,0.13385221,0.8428736,0.023274193
ALMS1,0.52759826,0.44917256,0.02322914
KLF16,0.041177526,0.93564785,0.023174562
BCL7A,0.09537178,0.881465,0.023163173
TMEM161B,0.02590834,0.95100224,0.023089396
JMJD7,0.05534979,0.9215917,0.023058541
TNRC6B,0.3059389,0.6710123,0.023048831
FOXO3,0.13700628,0.83999336,0.023000391
PCSK7,0.05797342,0.9190321,0.0229945
COL8A1,0.09319888,0.8839264,0.0228748
RAPH1,0.0652693,0.9118725,0.02285817
FAM222B,0.056319747,0.9208717,0.022808578
ADAP2,0.28433722,0.692856,0.022806734
GPATCH2,0.045825787,0.93140614,0.02276808
MXD4,0.024377821,0.9529015,0.022720715
USP34,0.3698345,0.60745174,0.022713786
SLCO3A1,0.22273776,0.75458497,0.022677263
GMPPA,0.0462864,0.931068,0.022645583
HEXIM1,0.2754012,0.7021966,0.022402193
CCDC41,0.3429731,0.6346407,0.022386206
LTBP2,0.09116188,0.8864633,0.022374837
ZBTB7A,0.043657664,0.93404204,0.022300286
SREBF1,0.08346171,0.8942546,0.022283651
HDGFRP3,0.04171549,0.9361725,0.02211206
POP4,0.07269186,0.90524435,0.022063818
HOXB6,0.006531138,0.97145283,0.022016056
PHACTR4,0.10998541,0.8681917,0.021822875
SLC4A1AP,0.31287363,0.66533047,0.021795833
BDH2,0.22289939,0.7553181,0.021782493
SLC7A2,0.6820221,0.29620928,0.02176861
FAM213A,0.40385777,0.57444715,0.021695029
PIDD,0.4092675,0.5690808,0.021651637
ITGA1,0.16397381,0.8144092,0.021616982
EVA1C,0.09354086,0.8848488,0.021610348
FBRSL1,0.06302412,0.9154291,0.021546751
HEYL,0.64595157,0.33252814,0.021520268
ZNF641,0.090475805,0.88812643,0.02139783
OGN,0.13695066,0.84165156,0.021397786
KIF15,0.6023787,0.37622496,0.02139631
SMIM4,0.050268743,0.9283757,0.02135553
UBE2I,0.061278302,0.91746676,0.021254934
COL21A1,0.5431106,0.4358653,0.02102406
FBLN7,0.037802137,0.94117785,0.021020053
SEMA4A,0.028183186,0.95079696,0.021019869
HAUS3,0.19244295,0.7867124,0.02084462
CERS5,0.21906471,0.7602117,0.020723578
SCAND2P,0.045861695,0.93341917,0.02071919
GPN1,0.30025762,0.6790417,0.020700665
PDLIM2,0.29253432,0.68691474,0.020550948
MECR,0.14625339,0.8332724,0.020474222
CDC16,0.041992947,0.9377179,0.02028909
SF3A1,0.044377677,0.93538785,0.020234408
CLEC16A,0.06760626,0.9121812,0.020212559
RAI1,0.23769152,0.7421148,0.020193664
HERC4,0.43175635,0.54806745,0.0201762
RRP1B,0.12632109,0.8535432,0.02013571
CCDC104,0.37413833,0.60576314,0.020098511
CHD6,0.35025266,0.6296987,0.02004866
XPO1,0.4171061,0.5628873,0.020006562
FHOD3,0.6608465,0.3191842,0.019969303
CFB,0.180828,0.79924935,0.019922642
SLC45A4,0.065802686,0.9143129,0.019884445
TTC28,0.06529017,0.91499186,0.019717954
LEPREL4,0.69027585,0.29003114,0.019693034
THSD4,0.65926737,0.32115945,0.019573156
HPS6,0.04386376,0.93656904,0.019567253
DNAJC5,0.024236478,0.9562381,0.019525439
SMCR8,0.043574244,0.9369877,0.019438105
FAHD2CP,0.07870244,0.90193945,0.0193581
RYK,0.105014816,0.87577015,0.01921505
STAG3L2,0.037340824,0.94344914,0.019210014
EFR3B,0.033127617,0.9476821,0.019190315
MRAS,0.56008863,0.42081136,0.019100023
LIMD1,0.095007434,0.88591075,0.019081825
FNDC3B,0.4077886,0.57313937,0.019072069
LRIG1,0.39910802,0.58187324,0.019018736
PTCD3,0.2240149,0.75698024,0.019004866
TRAF1,0.048446745,0.9326124,0.018940873
PNKD,0.65934885,0.32177135,0.018879818
SLC9B2,0.04660459,0.93456,0.01883541
AMPD3,0.2777205,0.7034582,0.018821342
TTLL4,0.31417418,0.66704684,0.018778924
SPIRE1,0.05161173,0.92963684,0.01875137
ARHGAP12,0.18477091,0.7964979,0.018731214
STK19,0.053058207,0.92834693,0.0185949
TRMT61A,0.19275731,0.788695,0.018547714
LUZP1,0.08054897,0.90092486,0.018526096
WASF2,0.5452059,0.43627363,0.018520424
PLEKHG1,0.2598243,0.7216608,0.018514877
FRMD8,0.055844557,0.9256475,0.018507918
TRIOBP,0.65283453,0.3286656,0.01849984
GPAT2,0.0902406,0.8913329,0.01842643
MRPS27,0.122262664,0.8594642,0.018273091
KLHL29,0.09100902,0.89072436,0.018266553
SMYD5,0.13230668,0.84948575,0.01820761
PIGC,0.56870633,0.41311464,0.018179035
MLXIP,0.16379781,0.81812626,0.018075911
CBX1,0.113713995,0.86824924,0.01803677
IRF5,0.02180523,0.9601863,0.018008515
STAB1,0.7885479,0.19365162,0.017800486
SKA2,0.77371156,0.20851111,0.017777318
PHF19,0.17202185,0.8102095,0.017768644
MTAP,0.7531365,0.22912878,0.017734723
ZMYND19,0.17319584,0.80924535,0.017558774
COG5,0.5557948,0.42667565,0.017529571
HECTD4,0.26425108,0.7182655,0.017483437
FBXL17,0.68826187,0.2945747,0.017163428
CPS1,0.030450275,0.95241916,0.017130576
PHF23,0.32504702,0.6578236,0.017129352
BLOC1S5,0.82782567,0.15505701,0.017117329
DIP2A,0.16677327,0.81612754,0.01709919
KIAA1755,0.8887269,0.09422822,0.017044907
NCOA7,0.101724364,0.88123786,0.017037766
ZBTB10,0.10626489,0.87678593,0.016949236
RBMS3,0.34046715,0.64260054,0.0169323
ABI3BP,0.5511019,0.43197677,0.016921341
NME7,0.10591388,0.8772025,0.016883632
PRRT1,0.020180224,0.9629488,0.016870968
SORCS3,0.040001906,0.9431308,0.01686727
KCNK5,0.02556166,0.9575726,0.016865762
MACF1,0.40568346,0.57754296,0.016773568
ZFHX3,0.22777203,0.7556012,0.016626755
DOCK8,0.07315044,0.91023386,0.016615644
KBTBD4,0.0472706,0.93619627,0.016533105
TMEM60,0.05473544,0.9288104,0.016454155
LHFPL2,0.1247984,0.85880774,0.016393866
AIG1,0.65764916,0.32600224,0.01634865
LRRC8C,0.026004694,0.95768446,0.016310876
CLN6,0.035628553,0.9480648,0.016306648
ZC3HC1,0.41094387,0.57275325,0.016302899
AKAP13,0.25931537,0.7243838,0.01630088
SARDH,0.39250037,0.5912741,0.016225507
C17orf104,0.086200014,0.8976235,0.016176501
FGD5,0.07684579,0.90706855,0.01608571
ENPEP,0.7213211,0.26261845,0.016060477
ADO,0.107696846,0.87628233,0.016020846
PDCD11,0.068720356,0.91534454,0.01593512
ZFP91,0.10233819,0.881771,0.015890816
ARID5A,0.18661995,0.79753965,0.015840407
SNX19,0.522987,0.46117386,0.015839107
RNF215,0.102739945,0.8814475,0.015812527
SENP3,0.034670994,0.94952047,0.01580856
GXYLT1,0.040513072,0.9437598,0.015727095
EPS8L2,0.05984659,0.9244679,0.015685445
USP54,0.2796968,0.7046704,0.015632804
HIC1,0.05106816,0.933316,0.015615767
ANK3,0.4604565,0.52396446,0.01557905
TMX2-CTNND1,0.05202217,0.9324074,0.015570437
AHCTF1P1,0.05202217,0.9324074,0.015570437
EEF1E1-BLOC1S5,0.05202217,0.9324074,0.015570437
PPP2R1B,0.26170272,0.72275287,0.015544393
MYH11,0.9012416,0.08341235,0.015346082
SOX13,0.17949837,0.80517495,0.01532666
ARHGEF18,0.027168404,0.95765895,0.015172616
ZBTB48,0.58058876,0.40436688,0.015044333
PRIM1,0.057867497,0.9270951,0.015037321
ABHD16A,0.02199407,0.96301454,0.014991384
LIN54,0.030934107,0.95413923,0.014926685
CPSF3L,0.6115613,0.37354457,0.014894105
QPCTL,0.16183698,0.82339007,0.014772999
COL27A1,0.16054173,0.82472664,0.014731661
TENC1,0.7800258,0.2053762,0.014598011
ZNF652,0.049279816,0.93616736,0.014552861
SBNO1,0.7188214,0.26673108,0.014447503
SPRYD7,0.050583642,0.9349846,0.014431802
PPIL1,0.4439184,0.541676,0.014405602
PHLPP2,0.040787164,0.9449247,0.014288062
MEF2A,0.44235006,0.5433732,0.014276705
POLN,0.70320493,0.28252456,0.014270535
SIPA1,0.086630076,0.89911044,0.014259502
AAMDC,0.273586,0.71217304,0.014240968
OLA1,0.09020736,0.89562106,0.014171593
PLCB1,0.037099224,0.948762,0.014138763
GOSR2,0.25843352,0.7274668,0.014099713
FAM208A,0.14818645,0.83774483,0.014068748
NAA16,0.63043386,0.35557944,0.013986713
WDR7,0.1265218,0.859499,0.013979234
PODXL,0.743805,0.2422197,0.013975341
ADCY9,0.26233613,0.7237515,0.013912383
ASIC4,0.007764429,0.9783347,0.013900849
NRBF2,0.060960963,0.9252308,0.013808169
TBX20,0.86453193,0.121845774,0.013622285
TRIP6,0.14613688,0.8403203,0.013542894
WRB,0.054620672,0.9319226,0.01345676
PHF13,0.05273454,0.93389153,0.013373857
CDK5R1,0.06754511,0.9191296,0.013325261
FBLN5,0.909547,0.077219225,0.013233792
UFL1,0.4919497,0.49481723,0.013233035
DNAJC16,0.037135817,0.94964004,0.013224162
VAC14,0.06164496,0.9251366,0.013218357
ASTN2,0.22645994,0.7603467,0.013193347
EXOC6B,0.15098451,0.8358521,0.013163437
HIVEP2,0.4550112,0.5318333,0.013155516
APOLD1,0.33004463,0.6568892,0.01306615
ARL14EP,0.04280444,0.9442033,0.012992233
GFM1,0.11194407,0.87515324,0.012902671
SZT2,0.38800535,0.59910953,0.01288517
TESK2,0.1345905,0.85259145,0.012818029
CNOT1,0.44963798,0.5375581,0.012803888
NADK,0.11611833,0.8711221,0.012759513
MED21,0.39692822,0.5903346,0.012737189
GRM7,0.010081067,0.97718745,0.012731479
CHRM2,0.84814787,0.13918784,0.012664354
CKAP5,0.52689964,0.46045405,0.012646332
INPP5A,0.4784459,0.5089467,0.012607422
CTBP1,0.017763134,0.96964,0.012596789
HAUS6,0.6536976,0.33372658,0.012575789
NUP160,0.065315545,0.92222726,0.012457206
SHKBP1,0.23432174,0.75324106,0.012437181
HBP1,0.18585138,0.80171776,0.012430867
ZNF618,0.025583135,0.96207225,0.012344672
TNXB,0.23074758,0.75702405,0.01222835
RAB11FIP5,0.056531653,0.9312516,0.012216765
EBF2,0.42704168,0.5607433,0.012215084
PAX2,0.01524622,0.972604,0.012149817
LRBA,0.04853348,0.93933654,0.012129937
ABCB9,0.016867237,0.97101,0.012122771
MED13L,0.30363244,0.6842658,0.012101777
ARHGAP15,0.1139026,0.8740579,0.01203949
TRIP12,0.52699184,0.46099013,0.012018042
DNAJB4,0.1840273,0.8039678,0.012004919
PRDM16,0.010606932,0.977518,0.011875072
VMP1,0.25021267,0.73791444,0.011872854
STEAP2,0.035558842,0.9527018,0.011739376
FBXO33,0.040737357,0.9475497,0.011712968
HELLS,0.035574548,0.952735,0.011690442
PLEKHH1,0.06431239,0.92400813,0.01167942
MSRA,0.24673018,0.7415964,0.011673404
MORC3,0.096376024,0.8919869,0.011637064
SSPN,0.1995883,0.78878385,0.011627834
MXD3,0.032796085,0.9556977,0.011506205
CDK17,0.21224938,0.77624696,0.01150365
DUSP2,0.18039379,0.8081356,0.011470548
FIGN,0.28597265,0.7025882,0.011439161
TBX2,0.6505041,0.33808935,0.011406575
RABGAP1,0.67777216,0.3108698,0.011357997
PPP6C,0.23339918,0.7552454,0.011355473
SARS2,0.053464703,0.9352548,0.011280444
RNF123,0.16581379,0.8229322,0.011253991
SGIP1,0.15431097,0.8344568,0.01123228
ARIH2,0.13602643,0.85274214,0.011231373
B9D2,0.1183386,0.8704454,0.011216032
ARHGAP29,0.26170883,0.7270972,0.01119398
THOC7,0.23459499,0.75427324,0.011131776
CDC20,0.04550482,0.9434039,0.01109123
ADAMTSL3,0.5958609,0.393071,0.011068084
CCM2,0.6776034,0.31139737,0.010999198
GRM4,0.007764224,0.981247,0.010988769
MSI2,0.015467196,0.9735642,0.010968621
TCIRG1,0.37438795,0.6146648,0.010947228
RGS6,0.6841944,0.30488187,0.010923733
LRRFIP2,0.43295878,0.55621046,0.01083073
TNS3,0.24401681,0.74528086,0.010702265
GOPC,0.18426079,0.8050619,0.010677289
ADCY5,0.1804458,0.80892366,0.01063052
UBE2Q2,0.14775807,0.8416248,0.010617144
PPL,0.6228026,0.36659172,0.010605672
JMJD1C,0.43269023,0.55670494,0.010604821
CEP97,0.19070427,0.79873633,0.010559329
NRXN1,0.06565642,0.9238003,0.010543331
ZMAT5,0.16040978,0.82908005,0.01051014
LEF1,0.011876944,0.97762376,0.010499354
MTF1,0.15465404,0.8349849,0.010361046
FOXC1,0.41006282,0.5795907,0.010346504
CRLF3,0.09094792,0.898724,0.010328128
NBEAL1,0.8234964,0.16619825,0.010305325
P4HA1,0.065445855,0.92426676,0.010287368
CSK,0.27911726,0.7106283,0.010254432
BNIP3,0.8962094,0.09355617,0.010234373
RBFOX1,0.30909595,0.68069667,0.010207382
ELOVL1,0.14424774,0.8455802,0.010172104
PTPRJ,0.10268514,0.88720024,0.010114554
FGD6,0.032787696,0.95715433,0.010057928
SGCD,0.79246014,0.19751096,0.010028962
Sep-09,0.049552567,0.94045824,0.009989161
SLC44A4,0.059652586,0.93037355,0.009973829
PNPT1,0.13814218,0.85191417,0.009943608
SOX6,0.03997119,0.950102,0.009926822
CTNNA3,0.3990769,0.59099865,0.009924467
LIMA1,0.39899528,0.5911224,0.009882373
PACSIN3,0.16586511,0.8242636,0.009871298
ADSL,0.21009837,0.780042,0.009859694
NOX4,0.5503626,0.43978983,0.009847607
SKAP1,0.1046096,0.885583,0.009807368
TTC18,0.7595496,0.23073478,0.009715574
ZNF423,0.09964081,0.8906726,0.00968659
UBN1,0.05171259,0.9386244,0.009662994
PDLIM4,0.21406516,0.77634126,0.009593581
FBXL19,0.027474828,0.9631279,0.009397221
DPYSL2,0.48085302,0.50975865,0.009388319
PTPN3,0.40961775,0.58100003,0.009382204
AHDC1,0.046227504,0.94445366,0.009318876
ARHGEF25,0.39834553,0.5923393,0.009315196
STAMBPL1,0.09603784,0.8946634,0.009298796
EPB41L2,0.15697558,0.83375984,0.009264594
ULK4,0.693407,0.2973309,0.009262079
DNAJC11,0.649026,0.3417314,0.009242623
CHAF1B,0.016571488,0.9741881,0.009240388
JPH2,0.8672274,0.123599865,0.009172732
IARS,0.3572292,0.63361734,0.009153495
DAG1,0.44560015,0.5452677,0.009132125
MMP14,0.18603987,0.8048374,0.00912269
NAE1,0.60717154,0.38370872,0.009119758
SYNPO2,0.102247186,0.88863444,0.009118354
RAMP2,0.7867955,0.20409533,0.009109152
PITPNM2,0.15795031,0.83295417,0.00909552
ZBTB38,0.17273349,0.818177,0.009089584
FBN1,0.8629291,0.12802625,0.009044647
AEBP2,0.37116235,0.619815,0.009022659
EBF1,0.20416047,0.7868238,0.00901575
CAPZA1,0.055445727,0.93555164,0.009002622
DBF4B,0.23829445,0.75270444,0.009001148
CDKN2C,0.1576171,0.8334377,0.008945165
ELK3,0.5592307,0.4318253,0.008944009
CRB1,0.40988734,0.5811733,0.00893934
GLE1,0.2660823,0.7249946,0.008923111
SMARCC1,0.50128484,0.48979226,0.008922929
DNMT1,0.5150999,0.4759776,0.008922491
CMIP,0.13969393,0.8513994,0.008906669
UNC5C,0.041299496,0.94980055,0.008899995
SLMAP,0.13294038,0.8581614,0.008898303
USP38,0.23231293,0.7588166,0.008870457
ZNF207,0.17251304,0.81862766,0.008859329
NAT10,0.2873601,0.7037992,0.008840677
PRPF40A,0.04148068,0.9496897,0.008829637
MEIS1,0.64810014,0.34307873,0.008821074
PREX1,0.2321881,0.7589958,0.008816095
MERTK,0.3324226,0.6587866,0.008790776
POLR1A,0.13347343,0.8578149,0.008711665
COL4A4,0.30462822,0.6866834,0.008688327
CORO7,0.34677956,0.64456415,0.008656288
ADCY3,0.19272815,0.7986413,0.00863053
DDHD2,0.3656903,0.6256968,0.008612949
FERMT2,0.41962358,0.5717767,0.008599763
INO80,0.31397367,0.67745167,0.008574652
KAT5,0.20029613,0.791187,0.008516913
COL15A1,0.78880084,0.20270239,0.008496828
CEP164,0.37152463,0.62001634,0.008459034
MECOM,0.68604434,0.30550367,0.00845202
CDK2AP1,0.05724307,0.93430686,0.008450004
EHMT1,0.21312082,0.77844405,0.008435152
ARID1A,0.69220704,0.29936802,0.008424926
RC3H2,0.30718273,0.6844281,0.008389192
ADAMTS7,0.71201897,0.27962068,0.008360321
PREX2,0.33775288,0.65399235,0.008254735
MSH5,0.4685391,0.52322227,0.008238662
RSF1,0.30089068,0.6908919,0.008217355
NAV1,0.29772803,0.694141,0.008130982
FARP2,0.6080511,0.38383043,0.008118451
NTN4,0.5952659,0.396681,0.008053037
P4HA2,0.33937192,0.6525758,0.008052317
SH3PXD2A,0.08658708,0.9053891,0.008023857
MXI1,0.08084367,0.9111563,0.00800005
NUS1,0.1356186,0.85639656,0.00798485
HMGA1,0.060431235,0.9316839,0.007884805
STAG1,0.32195416,0.67018545,0.007860386
AP1G1,0.29159904,0.7005553,0.007845593
YEATS2,0.3587452,0.6334378,0.007817021
BMPR1B,0.047295604,0.94489557,0.007808834
MBNL1,0.26489386,0.7272979,0.007808249
PAPPA2,0.024183052,0.96808285,0.007734122
SLC39A8,0.35043675,0.6418318,0.007731444
YAP1,0.49291512,0.49938226,0.00770257
CDK5RAP1,0.099431016,0.89288586,0.007683192
CADM2,0.03557057,0.9567618,0.007667654
EPS15,0.10007827,0.89231825,0.007603505
TMEM165,0.036480654,0.95592314,0.007596158
PIK3C2B,0.13946305,0.85294205,0.007594946
BCAR3,0.086046964,0.9063869,0.007566118
PPT2,0.053067006,0.9393786,0.007554413
TLN2,0.092645854,0.89981246,0.007541704
FAM168A,0.038624514,0.95386344,0.007512027
SF3A3,0.07581596,0.91668147,0.007502521
C1GALT1,0.5161608,0.4763516,0.007487635
SPC25,0.008152465,0.9844044,0.007443121
TRAK1,0.2781616,0.7144102,0.007428237
CRK,0.16765782,0.8249528,0.007389421
NOC3L,0.43367845,0.55893326,0.007388305
ORC4,0.28027186,0.71248186,0.007246286
C1orf21,0.12596805,0.8668864,0.007145565
ERBB4,0.42774925,0.565135,0.007115777
CAND1,0.08291124,0.90998507,0.007103718
NUDT3,0.16200174,0.8309261,0.007072135
POLI,0.5146919,0.47828326,0.007024883
INPP5B,0.58013755,0.41284156,0.007020913
ST5,0.48976916,0.5032381,0.006992745
MOV10,0.022210961,0.9708383,0.006950789
IER5L,0.059850782,0.933231,0.006918233
MAK16,0.30337486,0.6897104,0.006914764
INSR,0.111404926,0.88170373,0.006891337
CAMTA1,0.6816093,0.31151295,0.006877821
BANP,0.017405737,0.9757776,0.006816626
RBPMS,0.36243823,0.63078964,0.00677214
TRANK1,0.46690756,0.52633154,0.006760928
PAWR,0.07096057,0.92228293,0.006756433
PRICKLE1,0.1408787,0.8523735,0.006747773
C2,0.60658085,0.3866795,0.006739675
MKLN1,0.56586516,0.42740512,0.00672973
MYO1D,0.370425,0.6228552,0.006719824
PLCB3,0.09507186,0.8982242,0.006703988
SHROOM3,0.02224777,0.97107625,0.006676031
WDR12,0.09270914,0.90061826,0.006672598
DYSF,0.67705435,0.3162995,0.006646181
TRAPPC9,0.21386811,0.77953744,0.006594431
EIF2AK4,0.14824548,0.84518695,0.006567571
NOTCH4,0.6675939,0.32585275,0.006553314
SNF8,0.26893467,0.72453225,0.006533105
C17orf75,0.11638565,0.8770889,0.006525465
CDC42EP3,0.13042827,0.8630512,0.006520519
MAP1B,0.5212501,0.47226438,0.00648547
CREB5,0.09032435,0.90320843,0.006467183
ITGA9,0.76374316,0.22978997,0.00646692
NFAT5,0.76661617,0.22693832,0.006445479
ZDHHC5,0.106110804,0.8874582,0.006431046
NOTCH3,0.7758001,0.21779484,0.006405055
NEK6,0.34260935,0.65101767,0.006372977
BCAS3,0.04795906,0.9456783,0.006362639
STRBP,0.18391606,0.80973786,0.006346099
CDC42BPA,0.064867035,0.9288349,0.006298071
TFAP4,0.06913481,0.9245792,0.006286055
SETBP1,0.121064626,0.8726551,0.00628036
TBC1D10A,0.03397744,0.9597482,0.006274428
CHD2,0.9261035,0.06762719,0.006269401
SPI1,0.6939743,0.29976138,0.006264356
COL6A3,0.74726933,0.24652807,0.006202579
CELF1,0.04749433,0.9463296,0.006176133
MYO1E,0.3356436,0.6581836,0.006172864
YOD1,0.022257593,0.97159386,0.006148616
ING1,0.017609654,0.97624606,0.006144261
TNIP2,0.60055304,0.39331096,0.006135998
PPHLN1,0.43383154,0.5600355,0.006132965
USP4,0.19130626,0.8025763,0.006117464
SYNE1,0.25106177,0.7428683,0.006069877
CRAT,0.30116224,0.6927795,0.006058273
HSPA12A,0.12134396,0.87260693,0.006049059
EPC1,0.25213137,0.741823,0.006045639
COPS4,0.106841534,0.8871214,0.006037089
RAD51C,0.8147484,0.17921723,0.006034324
FBXO22,0.14467606,0.8493134,0.006010565
TCF7L1,0.41964546,0.5743689,0.00598568
RAB5A,0.06357124,0.9304531,0.005975624
WNT2B,0.05054145,0.9434856,0.00597295
DOT1L,0.1964476,0.79760414,0.005948203
MDM4,0.064905114,0.92916113,0.005933703
ZBTB46,0.037270173,0.95680946,0.005920321
ARHGEF26,0.33570966,0.65842724,0.005863127
PRKCE,0.2172015,0.7769409,0.005857667
SETD1A,0.18122128,0.8129343,0.005844478
ARNTL,0.4585485,0.53561217,0.00583937
PLCE1,0.8798325,0.11438745,0.005780084
CAPRIN1,0.046744134,0.9474799,0.005775939
PCNT,0.27902734,0.71522015,0.005752488
FAM193A,0.023378592,0.97087663,0.005744836
RIN3,0.805255,0.18900426,0.005740772
RNASEH2B,0.72601336,0.26827285,0.005713835
TOP3A,0.39870983,0.5955998,0.005690395
WARS2,0.8733001,0.1210157,0.005684184
GMDS,0.08672836,0.9075891,0.005682613
SETD6,0.61396027,0.38035744,0.005682245
ABHD17C,0.012324356,0.9820316,0.005644073
FGR,0.29238927,0.7019762,0.005634539
FBXW2,0.0768633,0.9175571,0.005579624
MED18,0.5076831,0.48674297,0.00557396
YAF2,0.37136823,0.6230982,0.005533642
SLC12A9,0.19767043,0.79680836,0.005521217
ATG7,0.16690339,0.8275892,0.005507441
KDM4B,0.29238567,0.70211416,0.005500167
TGFB2,0.059597906,0.9349167,0.00548538
DIP2B,0.067232735,0.92729425,0.005472987
MPPED2,0.012169134,0.9823628,0.005468105
ATXN7,0.07046462,0.924073,0.005462346
KIAA0355,0.09919061,0.8953627,0.005446785
BRD1,0.02690107,0.967676,0.005422913
VPS54,0.02690107,0.967676,0.005422913
PIAS1,0.20650832,0.7881471,0.00534459
LARP4,0.07246058,0.92220753,0.00533194
RAPGEF5,0.21727209,0.77739817,0.005329758
SNTB2,0.09676774,0.89790446,0.00532779
MAST2,0.8876368,0.10705302,0.005310142
CBFA2T2,0.065129586,0.9295805,0.005289863
MAD1L1,0.6178124,0.37691072,0.00527691
TCEA2,0.043392755,0.9513878,0.005219433
MCF2L,0.022320056,0.97248566,0.005194223
LSM1,0.049410205,0.94539726,0.005192591
SYT1,0.020427544,0.97439605,0.005176425
STXBP5,0.0933101,0.90153015,0.005159802
CDC25A,0.020996118,0.97385424,0.005149635
CREBRF,0.1439186,0.8509405,0.005140872
AUTS2,0.03376865,0.9611824,0.005048974
TIE1,0.65159756,0.34339648,0.005005975
PLK2,0.23156108,0.763446,0.004992901
KDM5A,0.2290668,0.7659445,0.004988708
MLLT3,0.023174278,0.97186726,0.004958452
GCH1,0.10509321,0.88998425,0.004922587
GTF2I,0.31152856,0.683571,0.004900463
FHL3,0.11220646,0.882928,0.004865547
PTK2,0.8289352,0.16619943,0.004865327
CYTH1,0.040096518,0.95505697,0.004846593
SOS2,0.15168647,0.8434709,0.004842689
BNIP1,0.07062428,0.924562,0.004813765
SLC20A2,0.098961666,0.8962585,0.004779858
TCF4,0.1883332,0.8068974,0.004769418
RNF4,0.40529257,0.58999175,0.004715704
YY1,0.054236617,0.9410635,0.00469992
NCALD,0.63403857,0.36132663,0.004634789
RREB1,0.15734662,0.83804184,0.004611541
PPM1E,0.013080486,0.98234206,0.004577403
CWC27,0.346,0.6494262,0.004573775
SLC7A1,0.13357496,0.86188227,0.004542747
JAZF1,0.022406878,0.97306246,0.00453061
RERG,0.83838403,0.15710986,0.004506132
PTPRU,0.096691914,0.8988326,0.004475483
AMBRA1,0.24821733,0.7473235,0.004459103
LATS2,0.40308532,0.59247446,0.004440256
MAPK4,0.08764261,0.9079254,0.004431966
SLC4A10,0.011480926,0.9840984,0.00442067
PKN2,0.14768724,0.8479189,0.004393801
PLEKHA7,0.4782923,0.5173362,0.004371515
BMP6,0.051011804,0.9446455,0.004342658
PFKFB2,0.72210217,0.2735672,0.004330621
ADAM11,0.11530826,0.8803782,0.004313497
SMG6,0.19179462,0.80402833,0.00417698
C7orf63,0.31060776,0.68528634,0.004105924
FYN,0.09019005,0.90571636,0.004093615
RGS19,0.08773244,0.9082155,0.004052045
POLR3C,0.4951262,0.5008498,0.004024055
COG2,0.34623978,0.6497632,0.003997009
CPEB4,0.04016304,0.9558505,0.003986421
DUSP16,0.043325037,0.95275646,0.003918526
POLD3,0.092351876,0.90373534,0.003912825
MARK4,0.11773271,0.8784149,0.003852357
KLHL21,0.91810876,0.07805697,0.003834261
HIPK2,0.028872304,0.9673605,0.003767134
KAT2B,0.17806564,0.8182361,0.003698226
PSPH,0.10865822,0.8876464,0.003695355
GNB4,0.06377984,0.9325392,0.003680918
TAF5,0.012068594,0.9842606,0.0036708
TRPM7,0.7533615,0.24297132,0.003667153
PPP2R5E,0.18663229,0.8097036,0.003664121
MED19,0.036729842,0.95961833,0.00365184
ZDHHC18,0.6054849,0.39087555,0.003639559
XPR1,0.09220877,0.9041538,0.003637438
ELAVL3,0.009935527,0.98648536,0.003579057
MCPH1,0.6346662,0.36177668,0.003557073
MSI1,0.015744863,0.9807786,0.00347653
AP3M1,0.025286337,0.9712415,0.003472123
RFFL,0.05417808,0.94236475,0.003457096
TBL1XR1,0.06776643,0.9287853,0.003448206
SENP2,0.042624842,0.9539796,0.003395497
RNF130,0.034763858,0.9618551,0.003380988
ZFPM2,0.870208,0.1264369,0.003355053
RCC1,0.028370837,0.9683935,0.003235703
ATXN2,0.04613148,0.95063883,0.003229734
TFCP2L1,0.009981982,0.9868205,0.003197535
WIPF1,0.115214534,0.88159794,0.003187498
IRF6,0.09019242,0.906656,0.003151609
SMNDC1,0.049557067,0.9473137,0.003129216
PRKD1,0.12194535,0.874937,0.003117682
ACHE,0.09105563,0.90584075,0.003103653
CASZ1,0.89070237,0.10622847,0.003069227
LIG3,0.20845197,0.7885208,0.003027225
PIP5K1B,0.049354095,0.947638,0.003007929
FRS2,0.053794604,0.9432522,0.00295312
ACVR2A,0.037866563,0.9591872,0.002946199
DPF3,0.090102,0.9070203,0.002877661
GPER1,0.8857997,0.11135589,0.002844433
CDK14,0.05975602,0.93744016,0.002803812
CCNT2,0.021370506,0.97584116,0.002788331
GTF2B,0.028200127,0.96903104,0.002768872
HIP1,0.05555234,0.9416904,0.002757307
SLC8A1,0.8224887,0.1747796,0.002731653
ANO1,0.06602828,0.93131167,0.002660045
SGMS1,0.05279957,0.9445798,0.002620675
STAM2,0.051616706,0.94577116,0.002612094
ELL,0.027522055,0.9699518,0.002526075
ATF1,0.06624612,0.93126214,0.00249172
SIRT1,0.050187588,0.9473214,0.002491031
HM13,0.026358198,0.97116417,0.002477641
CDK6,0.019349143,0.9781935,0.002457318
ACOX1,0.042815648,0.9547433,0.002440959
CLP1,0.019183788,0.9783799,0.002436318
GDF11,0.04093075,0.9566649,0.002404311
NFATC2,0.045930285,0.951679,0.002390711
EML1,0.040569976,0.9570469,0.002383119
PBX1,0.0874971,0.91013265,0.002370286
CTBP2,0.01808488,0.97955555,0.002359637
LIN7B,0.02349694,0.97416455,0.002338541
SLC4A7,0.9178381,0.079828374,0.002333493
TSPAN14,0.038854,0.9588636,0.002282321
TP53INP1,0.101766385,0.89597607,0.002257548
SMARCD1,0.01806652,0.97970104,0.002232389
FILIP1L,0.94072443,0.05704699,0.002228647
FER,0.014272544,0.9835502,0.002177243
MRVI1,0.93687224,0.06095084,0.002176929
POU2F1,0.018958904,0.9788931,0.002148006
TERF2,0.035842076,0.96205246,0.002105398
FAF1,0.038778804,0.95924795,0.001973209
SMOX,0.04444963,0.9535885,0.001961877
KANSL1,0.031479526,0.9666714,0.001849138
BTRC,0.013489105,0.98475087,0.00176
REEP1,0.013489105,0.98475087,0.00176
ABI2,0.013489105,0.98475087,0.00176